Workbook

Sheet README
A1: Metallic Glass GFA Multisource Database — Canonical V1
A3: Field | B3: Definition
A4: Canonical file | B4: Metallic_Glass_GFA_Multisource_Database_V1.xlsx
A5: Scope | B5: Reconstruction and audit of the 276 observations announced in the draft manuscript.
A6: Rule 1 | B6: No numerical value is entered as VERIFIED unless traceable to a primary source/table/page or authoritative full text.
A7: Rule 2 | B7: Suspected typographical corrections from the draft remain claims until primary-source verification.
A8: Rule 3 | B8: One row = one identifiable experimental observation; repeated nominal compositions are retained as separate observations when source/conditions differ.
A9: Rule 4 | B9: Derived descriptors are calculated from primary temperatures; source-reported derived values are preserved separately for audit.
A10: Current status | B10: V1 structure created; primary-source registry initiated. The 276-row reconstruction is not yet claimed complete.

Sheet Master_Database
A1: MG_ID | B1: Composition_raw | C1: Composition_normalized | D1: Family | E1: Subfamily | F1: Tg_K | G1: Tx_K | H1: Tm_K | I1: Tl_K | J1: dc_mm | K1: Critical_thickness_mm | L1: Critical_cooling_rate_K_s | M1: Casting_method | N1: Sample_geometry | O1: Source_ID | P1: DOI | Q1: Source_table_page | R1: Value_status | S1: QC_status | T1: Correction_flag | U1: Correction_note | V1: Include_model | W1: Notes
A2: MG-ZNA-001 | B2: Ni3Zr10Al1 | C2: Al8.3Ni25.0Zr66.7 | D2: Zr–Ni–Al | E2: Al–Ni–Zr | F2: 663 | G2: 710 | H2: 1199 | I2: 1236 | M2: Copper mold suction casting | N2: Rod | O2: SRC37 | P2: 10.1007/s11434-011-4842-z | Q2: Primary full-text table | R2: VERIFIED_PRIMARY | S2: PASS | T2: YES | U2: Exact Tg/Tx/Tm/Tl tuple verified in primary full-text table. | V2: YES | W2: Primary numerical verification completed; composition normalized from table atomic percentages.
A3: MG-ZNA-002 | B3: Ni3Zr10Al1.5 | C3: Al12.0Ni24.0Zr64.0 | D3: Zr–Ni–Al | E3: Al–Ni–Zr | F3: 682 | G3: 729 | H3: 1174 | I3: 1283 | M3: Copper mold suction casting | N3: Rod | O3: SRC37 | P3: 10.1007/s11434-011-4842-z | Q3: Primary full-text table | R3: VERIFIED_PRIMARY | S3: PASS | T3: YES | U3: Exact Tg/Tx/Tm/Tl tuple verified in primary full-text table. | V3: YES | W3: Primary numerical verification completed; composition normalized from table atomic percentages.
A4: MG-ZNA-003 | B4: Ni3Zr10Al2 | C4: Al15.4Ni23.1Zr61.5 | D4: Zr–Ni–Al | E4: Al–Ni–Zr | F4: 703 | G4: 758 | H4: 1178 | I4: 1266 | M4: Copper mold suction casting | N4: Rod | O4: SRC37 | P4: 10.1007/s11434-011-4842-z | Q4: Primary full-text table | R4: VERIFIED_PRIMARY | S4: PASS | T4: YES | U4: Exact Tg/Tx/Tm/Tl tuple verified in primary full-text table. | V4: YES | W4: Primary numerical verification completed; composition normalized from table atomic percentages.
A5: MG-ZNA-004 | B5: Ni3Zr10Al3 | C5: Al21.4Ni21.4Zr57.2 | D5: Zr–Ni–Al | E5: Al–Ni–Zr | F5: 745 | G5: 784 | H5: 1183 | I5: 1342 | M5: Copper mold suction casting | N5: Rod | O5: SRC37 | P5: 10.1007/s11434-011-4842-z | Q5: Primary full-text table | R5: VERIFIED_PRIMARY | S5: PASS | T5: YES | U5: Exact Tg/Tx/Tm/Tl tuple verified in primary full-text table. | V5: YES | W5: Primary numerical verification completed; composition normalized from table atomic percentages.
A6: MG-ZNA-005 | B6: Ni3Zr9Al1 | C6: Al9.1Ni27.3Zr63.6 | D6: Zr–Ni–Al | E6: Al–Ni–Zr | F6: 680 | G6: 721 | H6: 1178 | I6: 1220 | M6: Copper mold suction casting | N6: Rod | O6: SRC37 | P6: 10.1007/s11434-011-4842-z | Q6: Primary full-text table | R6: VERIFIED_PRIMARY | S6: PASS | T6: YES | U6: Exact Tg/Tx/Tm/Tl tuple verified in primary full-text table. | V6: YES | W6: Primary numerical verification completed; composition normalized from table atomic percentages.
A7: MG-ZNA-006 | B7: Ni3Zr9Al1.5 | C7: Al13.0Ni26.0Zr61.0 | D7: Zr–Ni–Al | E7: Al–Ni–Zr | F7: 702 | G7: 770 | H7: 1176 | I7: 1263 | M7: Copper mold suction casting | N7: Rod | O7: SRC37 | P7: 10.1007/s11434-011-4842-z | Q7: Primary full-text table | R7: VERIFIED_PRIMARY | S7: PASS | T7: YES | U7: Exact Tg/Tx/Tm/Tl tuple verified in primary full-text table. | V7: YES | W7: Primary numerical verification completed; composition normalized from table atomic percentages.
A8: MG-ZNA-007 | B8: Ni3Zr9Al2 | C8: Al16.7Ni25.0Zr58.3 | D8: Zr–Ni–Al | E8: Al–Ni–Zr | F8: 721 | G8: 789 | H8: 1185 | I8: 1289 | M8: Copper mold suction casting | N8: Rod | O8: SRC37 | P8: 10.1007/s11434-011-4842-z | Q8: Primary full-text table | R8: VERIFIED_PRIMARY | S8: PASS | T8: YES | U8: Exact Tg/Tx/Tm/Tl tuple verified in primary full-text table. | V8: YES | W8: Primary numerical verification completed; composition normalized from table atomic percentages.
A9: MG-ZNA-008 | B9: Ni3Zr9Al3 | C9: Al23.1Ni23.1Zr53.8 | D9: Zr–Ni–Al | E9: Al–Ni–Zr | F9: 772 | G9: 813 | H9: 1182 | I9: 1338 | M9: Copper mold suction casting | N9: Rod | O9: SRC37 | P9: 10.1007/s11434-011-4842-z | Q9: Primary full-text table | R9: VERIFIED_PRIMARY | S9: PASS | T9: YES | U9: Exact Tg/Tx/Tm/Tl tuple verified in primary full-text table. | V9: YES | W9: Primary numerical verification completed; composition normalized from table atomic percentages.
A10: MG-ZNA-009 | B10: Ni3Zr8Al1 | C10: Al7.1Ni28.6Zr64.3 | D10: Zr–Ni–Al | E10: Al–Ni–Zr | F10: 673 | G10: 706 | H10: 1178 | I10: 1244 | M10: Copper mold suction casting | N10: Rod | O10: SRC37 | P10: 10.1007/s11434-011-4842-z | Q10: Primary full-text table | R10: VERIFIED_PRIMARY | S10: PASS | T10: YES | U10: Exact Tg/Tx/Tm/Tl tuple verified in primary full-text table. | V10: YES | W10: Primary numerical verification completed; composition normalized from table atomic percentages.
A11: MG-ZNA-010 | B11: Ni3Zr8Al1.5 | C11: Al10.3Ni27.6Zr62.1 | D11: Zr–Ni–Al | E11: Al–Ni–Zr | F11: 691 | G11: 739 | H11: 1176 | I11: 1239 | M11: Copper mold suction casting | N11: Rod | O11: SRC37 | P11: 10.1007/s11434-011-4842-z | Q11: Primary full-text table | R11: VERIFIED_PRIMARY | S11: PASS | T11: YES | U11: Exact Tg/Tx/Tm/Tl tuple verified in primary full-text table. | V11: YES | W11: Primary numerical verification completed; composition normalized from table atomic percentages.
A12: MG-ZNA-011 | B12: Ni3Zr8Al2 | C12: Al13.3Ni26.7Zr60.0 | D12: Zr–Ni–Al | E12: Al–Ni–Zr | F12: 707 | G12: 775 | H12: 1179 | I12: 1222 | M12: Copper mold suction casting | N12: Rod | O12: SRC37 | P12: 10.1007/s11434-011-4842-z | Q12: Primary full-text table | R12: VERIFIED_PRIMARY | S12: PASS | T12: YES | U12: Exact Tg/Tx/Tm/Tl tuple verified in primary full-text table. | V12: YES | W12: Primary numerical verification completed; composition normalized from table atomic percentages.
A13: MG-ZNA-012 | B13: Ni3Zr8Al3 | C13: Al18.8Ni25.0Zr56.2 | D13: Zr–Ni–Al | E13: Al–Ni–Zr | F13: 742 | G13: 804 | H13: 1184 | I13: 1336 | M13: Copper mold suction casting | N13: Rod | O13: SRC37 | P13: 10.1007/s11434-011-4842-z | Q13: Primary full-text table | R13: VERIFIED_PRIMARY | S13: PASS | T13: YES | U13: Exact Tg/Tx/Tm/Tl tuple verified in primary full-text table. | V13: YES | W13: Primary numerical verification completed; composition normalized from table atomic percentages.
A14: MG-ZNA-013 | B14: Ni3Zr7Al1 | C14: Al9.1Ni27.3Zr63.6 | D14: Zr–Ni–Al | E14: Al–Ni–Zr | F14: 680 | G14: 721 | H14: 1178 | I14: 1220 | M14: Copper mold suction casting | N14: Rod | O14: SRC21 | P14: 10.1007/s11434-011-4842-z | Q14: Table 1, p.3906 | R14: VERIFIED_PRIMARY | S14: PASS | T14: NO | V14: PENDING | W14: Source Table 1
A15: MG-ZNA-014 | B15: Ni3Zr7Al1.5 | C15: Al13.0Ni26.0Zr61.0 | D15: Zr–Ni–Al | E15: Al–Ni–Zr | F15: 702 | G15: 770 | H15: 1176 | I15: 1263 | M15: Copper mold suction casting | N15: Rod | O15: SRC21 | P15: 10.1007/s11434-011-4842-z | Q15: Table 1, p.3906 | R15: VERIFIED_PRIMARY | S15: PASS | T15: NO | V15: PENDING | W15: Source Table 1
A16: MG-ZNA-015 | B16: Ni3Zr7Al2 | C16: Al16.7Ni25.0Zr58.3 | D16: Zr–Ni–Al | E16: Al–Ni–Zr | F16: 721 | G16: 789 | H16: 1185 | I16: 1289 | M16: Copper mold suction casting | N16: Rod | O16: SRC21 | P16: 10.1007/s11434-011-4842-z | Q16: Table 1, p.3906 | R16: VERIFIED_PRIMARY | S16: PASS | T16: NO | V16: PENDING | W16: Source Table 1
A17: MG-ZNA-016 | B17: Ni3Zr7Al3 | C17: Al23.1Ni23.1Zr53.8 | D17: Zr–Ni–Al | E17: Al–Ni–Zr | F17: 772 | G17: 813 | H17: 1182 | I17: 1338 | M17: Copper mold suction casting | N17: Rod | O17: SRC21 | P17: 10.1007/s11434-011-4842-z | Q17: Table 1, p.3906 | R17: VERIFIED_PRIMARY | S17: PASS | T17: NO | V17: PENDING | W17: Source Table 1
A18: MG-ZNA-017 | B18: Ni4Zr9Al1 | C18: Al7.1Ni28.6Zr64.3 | D18: Zr–Ni–Al | E18: Al–Ni–Zr | F18: 673 | G18: 706 | H18: 1178 | I18: 1244 | M18: Copper mold suction casting | N18: Rod | O18: SRC21 | P18: 10.1007/s11434-011-4842-z | Q18: Table 1, p.3906 | R18: VERIFIED_PRIMARY | S18: PASS | T18: NO | V18: PENDING | W18: Source Table 1
A19: MG-ZNA-018 | B19: Ni4Zr9Al1.5 | C19: Al10.3Ni27.6Zr62.1 | D19: Zr–Ni–Al | E19: Al–Ni–Zr | F19: 691 | G19: 739 | H19: 1176 | I19: 1239 | M19: Copper mold suction casting | N19: Rod | O19: SRC21 | P19: 10.1007/s11434-011-4842-z | Q19: Table 1, p.3906 | R19: VERIFIED_PRIMARY | S19: PASS | T19: NO | V19: PENDING | W19: Source Table 1
A20: MG-ZNA-019 | B20: Ni4Zr9Al2 | C20: Al13.3Ni26.7Zr60.0 | D20: Zr–Ni–Al | E20: Al–Ni–Zr | F20: 707 | G20: 775 | H20: 1179 | I20: 1222 | M20: Copper mold suction casting | N20: Rod | O20: SRC21 | P20: 10.1007/s11434-011-4842-z | Q20: Table 1, p.3906 | R20: VERIFIED_PRIMARY | S20: PASS | T20: NO | V20: PENDING | W20: Best GFA in source; abstract describes centimeter-scale BMG; exact dc not entered from prose.
A21: MG-ZNA-020 | B21: Ni4Zr9Al3 | C21: Al18.8Ni25.0Zr56.2 | D21: Zr–Ni–Al | E21: Al–Ni–Zr | F21: 742 | G21: 804 | H21: 1184 | I21: 1336 | M21: Copper mold suction casting | N21: Rod | O21: SRC21 | P21: 10.1007/s11434-011-4842-z | Q21: Table 1, p.3906 | R21: VERIFIED_PRIMARY | S21: PASS | T21: NO | V21: PENDING | W21: Source Table 1
A22: MG-ZNA-021 | B22: Ni3Zr6Al1 | C22: Al10.0Ni30.0Zr60.0 | D22: Zr–Ni–Al | E22: Al–Ni–Zr | F22: 702 | G22: 743 | H22: 1178 | I22: 1219 | M22: Copper mold suction casting | N22: Rod | O22: SRC21 | P22: 10.1007/s11434-011-4842-z | Q22: Table 1, p.3906 | R22: VERIFIED_PRIMARY | S22: PASS | T22: NO | V22: PENDING | W22: Source Table 1
A23: MG-ZNA-022 | B23: Ni3Zr6Al1.5 | C23: Al14.3Ni28.6Zr57.1 | D23: Zr–Ni–Al | E23: Al–Ni–Zr | F23: 720 | G23: 780 | H23: 1177 | I23: 1280 | M23: Copper mold suction casting | N23: Rod | O23: SRC21 | P23: 10.1007/s11434-011-4842-z | Q23: Table 1, p.3906 | R23: VERIFIED_PRIMARY | S23: PASS | T23: NO | V23: PENDING | W23: Source Table 1
A24: MG-ZNA-023 | B24: Ni3Zr6Al2 | C24: Al18.2Ni27.3Zr54.5 | D24: Zr–Ni–Al | E24: Al–Ni–Zr | F24: 748 | G24: 800 | H24: 1186 | I24: 1252 | M24: Copper mold suction casting | N24: Rod | O24: SRC21 | P24: 10.1007/s11434-011-4842-z | Q24: Table 1, p.3906 | R24: VERIFIED_PRIMARY | S24: PASS | T24: NO | V24: PENDING | W24: Source Table 1
A25: MG-ZNA-024 | B25: Ni3Zr6Al3 | C25: Al25.0Ni25.0Zr50.0 | D25: Zr–Ni–Al | E25: Al–Ni–Zr | F25: 659 | G25: 710 | H25: 1180 | I25: 1348 | M25: Copper mold suction casting | N25: Rod | O25: SRC21 | P25: 10.1007/s11434-011-4842-z | Q25: Table 1, p.3906 | R25: VERIFIED_PRIMARY | S25: PASS | T25: YES | U25: Composition_normalized corrected from erroneous Al25Ni25Zr60 to stoichiometric Ni3Zr6Al3 = Al25Ni25Zr50; raw formula retained. | V25: PENDING | W25: Composition correction is arithmetic from the published raw formula; thermal values remain source-transcribed.
A26: MG-ZNA-025 | B26: Reference | C26: Al15.0Ni25.0Zr60.0 | D26: Zr–Ni–Al | E26: Al–Ni–Zr | F26: 710 | G26: 778 | H26: 1177 | I26: 1251 | J26: 8 | M26: Copper mold suction casting | N26: Rod | O26: SRC21 | P26: 10.1007/s11434-011-4842-z | Q26: Table 1 p.3906 + Fig. critical-size caption | R26: VERIFIED_PRIMARY | S26: PASS | T26: NO | V26: PENDING | W26: Reference composition; source figure text states critical size 8 mm under present casting conditions.
A27: MG-CZA-001 | B27: Cu47Zr45Al8 | C27: Cu47Zr45Al8 | D27: Cu–Zr–Al | E27: Cu–Zr–Al | F27: 714 | G27: 794 | I27: 1190 | J27: 15 | M27: Not specified in extracted table | N27: Rod/BMG | O27: SRC33 | P27: 10.1590/1980-5373-MR-2019-0078 | Q27: Table 1 | R27: VERIFIED_PRIMARY | S27: PASS | T27: NO | V27: YES | W27: Open-access full article table.
A28: MG-CZA-002 | B28: (Cu47Zr45Al8)98.5Y1.5 | C28: (Cu47Zr45Al8)98.5Y1.5 | D28: Cu–Zr–Al | E28: Y-modified Cu–Zr–Al | F28: 698 | G28: 783 | I28: 1168 | J28: 25 | M28: Not specified in extracted table | N28: Rod/BMG | O28: SRC33 | P28: 10.1590/1980-5373-MR-2019-0078 | Q28: Table 1 | R28: VERIFIED_PRIMARY | S28: PASS | T28: NO | V28: YES | W28: Open-access full article table.
A29: MG-CZA-003 | B29: (Cu47Zr45Al8)99Nb | C29: (Cu47Zr45Al8)99Nb | D29: Cu–Zr–Al | E29: Nb-modified Cu–Zr–Al | F29: 717 | G29: 790 | I29: 1185 | J29: 12 | M29: Not specified in extracted table | N29: Rod/BMG | O29: SRC33 | P29: 10.1590/1980-5373-MR-2019-0078 | Q29: Table 1 | R29: VERIFIED_PRIMARY | S29: PASS | T29: NO | V29: YES | W29: Open-access full article table.
A30: MG-CZA-004 | B30: (Cu47Zr45Al8)97.5Y1.5Nb | C30: (Cu47Zr45Al8)97.5Y1.5Nb | D30: Cu–Zr–Al | E30: Y/Nb-modified Cu–Zr–Al | F30: 710 | G30: 793 | I30: 1161 | J30: 18 | M30: Not specified in extracted table | N30: Rod/BMG | O30: SRC33 | P30: 10.1590/1980-5373-MR-2019-0078 | Q30: Table 1 | R30: VERIFIED_PRIMARY | S30: PASS | T30: NO | V30: YES | W30: Open-access full article table.
A31: MG-MIX-001 | B31: Zr48Cu43Al7Ag2 | C31: Zr48Cu43Al7Ag2 | D31: Mixed BMG | E31: Zr-based | F31: 700 | G31: 761 | I31: 1152 | J31: 12 | M31: Compiled literature | N31: BMG | O31: SRC30 | P31: 10.1016/j.jallcom.2008.07.087 | Q31: Table 2 | R31: VERIFIED_COMPILATION | S31: PASS | T31: NO | U31: Primary reference [24] not yet audited | V31: NO | W31: Long et al. compilation; retain until primary ref audit.
A32: MG-MIX-002 | B32: Zr48Cu42Al7Ag3 | C32: Zr48Cu42Al7Ag3 | D32: Mixed BMG | E32: Zr-based | F32: 700 | G32: 763 | I32: 1135 | J32: 10 | M32: Compiled literature | N32: BMG | O32: SRC30 | P32: 10.1016/j.jallcom.2008.07.087 | Q32: Table 2 | R32: VERIFIED_COMPILATION | S32: PASS | T32: NO | U32: Primary reference [24] not yet audited | V32: NO | W32: Long et al. compilation.
A33: MG-MIX-003 | B33: Zr48Cu40Al7Ag5 | C33: Zr48Cu40Al7Ag5 | D33: Mixed BMG | E33: Zr-based | F33: 699 | G33: 769 | I33: 1121 | J33: 10 | M33: Compiled literature | N33: BMG | O33: SRC30 | P33: 10.1016/j.jallcom.2008.07.087 | Q33: Table 2 | R33: VERIFIED_COMPILATION | S33: PASS | T33: NO | U33: Primary reference [24] not yet audited | V33: NO | W33: Long et al. compilation.
A34: MG-MIX-004 | B34: Zr48Cu37Al7Ag8 | C34: Zr48Cu37Al7Ag8 | D34: Mixed BMG | E34: Zr-based | F34: 698 | G34: 765 | I34: 1125 | J34: 10 | M34: Compiled literature | N34: BMG | O34: SRC30 | P34: 10.1016/j.jallcom.2008.07.087 | Q34: Table 2 | R34: VERIFIED_COMPILATION | S34: PASS | T34: NO | U34: Primary reference [24] not yet audited | V34: NO | W34: Long et al. compilation.
A35: MG-MIX-005 | B35: Zr48Cu36Ag8Al8 | C35: Zr48Cu36Ag8Al8 | D35: Mixed BMG | E35: Zr-based | F35: 690 | G35: 791 | I35: 1143 | J35: 25 | M35: Compiled literature | N35: BMG | O35: SRC30 | P35: 10.1016/j.jallcom.2008.07.087 | Q35: Table 2 | R35: VERIFIED_COMPILATION | S35: PASS | T35: NO | U35: Primary reference [37] not yet audited | V35: NO | W35: Long et al. compilation.
A36: MG-MIX-006 | B36: Zr48Cu34Pd2Ag8Al8 | C36: Zr48Cu34Pd2Ag8Al8 | D36: Mixed BMG | E36: Zr-based | F36: 699 | G36: 794 | I36: 1140 | J36: 30 | M36: Compiled literature | N36: BMG | O36: SRC30 | P36: 10.1016/j.jallcom.2008.07.087 | Q36: Table 2 | R36: VERIFIED_COMPILATION | S36: PASS | T36: NO | U36: Primary reference [37] not yet audited | V36: NO | W36: Long et al. compilation.
A37: MG-MIX-007 | B37: Zr50Cu48Ag2 | C37: Zr50Cu48Ag2 | D37: Mixed BMG | E37: Zr-based | F37: 668 | G37: 719 | I37: 1192 | J37: 2 | M37: Compiled literature | N37: BMG | O37: SRC30 | P37: 10.1016/j.jallcom.2008.07.087 | Q37: Table 2 | R37: VERIFIED_COMPILATION | S37: PASS | T37: NO | U37: Primary reference [28] not yet audited | V37: NO | W37: Long et al. compilation.
A38: MG-MIX-008 | B38: Zr50Cu45Ag5 | C38: Zr50Cu45Ag5 | D38: Mixed BMG | E38: Zr-based | F38: 669 | G38: 728 | I38: 1188 | J38: 4 | M38: Compiled literature | N38: BMG | O38: SRC30 | P38: 10.1016/j.jallcom.2008.07.087 | Q38: Table 2 | R38: VERIFIED_COMPILATION | S38: PASS | T38: NO | U38: Primary reference [28] not yet audited | V38: NO | W38: Long et al. compilation.
A39: MG-MIX-009 | B39: Zr50Cu43Ag7 | C39: Zr50Cu43Ag7 | D39: Mixed BMG | E39: Zr-based | F39: 669 | G39: 727 | I39: 1171 | J39: 4 | M39: Compiled literature | N39: BMG | O39: SRC30 | P39: 10.1016/j.jallcom.2008.07.087 | Q39: Table 2 | R39: VERIFIED_COMPILATION | S39: PASS | T39: NO | U39: Primary reference [28] not yet audited | V39: NO | W39: Long et al. compilation.
A40: MG-MIX-010 | B40: Zr50Cu40Ag10 | C40: Zr50Cu40Ag10 | D40: Mixed BMG | E40: Zr-based | F40: 667 | G40: 733 | I40: 1177 | J40: 5 | M40: Compiled literature | N40: BMG | O40: SRC30 | P40: 10.1016/j.jallcom.2008.07.087 | Q40: Table 2 | R40: VERIFIED_COMPILATION | S40: PASS | T40: NO | U40: Primary reference [28] not yet audited | V40: NO | W40: Long et al. compilation.
A41: MG-MIX-011 | B41: Zr50Cu38Ag12 | C41: Zr50Cu38Ag12 | D41: Mixed BMG | E41: Zr-based | F41: 663 | G41: 734 | I41: 1187 | J41: 4 | M41: Compiled literature | N41: BMG | O41: SRC30 | P41: 10.1016/j.jallcom.2008.07.087 | Q41: Table 2 | R41: VERIFIED_COMPILATION | S41: PASS | T41: NO | U41: Primary reference [28] not yet audited | V41: NO | W41: Long et al. compilation.
A42: MG-MIX-012 | B42: (Fe0.75B0.2Si0.05)96Nb4 | C42: (Fe0.75B0.2Si0.05)96Nb4 | D42: Mixed BMG | E42: Fe-based | F42: 835 | G42: 880 | I42: 1475 | J42: 1.5 | M42: Compiled literature | N42: BMG | O42: SRC30 | P42: 10.1016/j.jallcom.2008.07.087 | Q42: Table 2 | R42: VERIFIED_COMPILATION | S42: PASS | T42: NO | U42: Primary reference [24] not yet audited | V42: NO | W42: Long et al. compilation.
... A63: MG-LONG-010 | B63: Cu46Zr42Al7Y5 | C63: Cu46Zr42Al7Y5 | D63: Mixed BMG | E63: Cu-based | F63: 672 | G63: 772 | I63: 1113 | J63: 10 | M63: Compiled literature | N63: BMG | O63: SRC30 | P63: 10.1016/j.jallcom.2008.07.087 | Q63: Table 2 | R63: VERIFIED_COMPILATION | S63: PASS | T63: NO | U63: Primary reference cited by Long et al. not yet audited | V63: NO | W63: Explicit row from Long et al. 2009 Table 2; excluded from final model until primary-source lock.
A64: MG-LONG-011 | B64: Ca60Mg10Zn30 | C64: Ca60Mg10Zn30 | D64: Mixed BMG | E64: Ca-based | F64: 380 | G64: 400 | I64: 666 | K64: 0.5 | M64: Copper-mold casting; response reported as maximum glassy thickness t_m | N64: Thickness specimen; diameter equivalence not assumed | O64: SRC_PRIMARY_SENKOV2006 | P64: 10.1016/j.intermet.2006.01.024 | Q64: Senkov et al., Intermetallics 14 (2006), Table 1/2; maximum glassy thickness t_m | R64: VERIFIED_PRIMARY_THICKNESS | S64: PASS | T64: YES | U64: Metric correction: former dc_mm value is critical thickness t_m; excluded from diameter Dmax model. | V64: NO | W64: Explicit row from Long et al. 2009 Table 2; excluded from final model until primary-source lock.
A65: MG-LONG-012 | B65: Ca62.5Mg17.5Zn20 | C65: Ca62.5Mg17.5Zn20 | D65: Mixed BMG | E65: Ca-based | F65: 375 | G65: 412 | I65: 640 | K65: 10 | M65: Copper-mold casting; response reported as maximum glassy thickness t_m | N65: Thickness specimen; diameter equivalence not assumed | O65: SRC_PRIMARY_SENKOV2006 | P65: 10.1016/j.intermet.2006.01.024 | Q65: Senkov et al., Intermetallics 14 (2006), Table 1/2; maximum glassy thickness t_m | R65: VERIFIED_PRIMARY_THICKNESS | S65: PASS | T65: YES | U65: Metric correction: former dc_mm value is critical thickness t_m; excluded from diameter Dmax model. | V65: NO | W65: Explicit row from Long et al. 2009 Table 2; excluded from final model until primary-source lock.
A66: MG-LONG-013 | B66: Ca65Mg25Zn10 | C66: Ca65Mg25Zn10 | D66: Mixed BMG | E66: Ca-based | F66: 387 | G66: 405 | I66: 759 | K66: 0.5 | M66: Copper-mold casting; response reported as maximum glassy thickness t_m | N66: Thickness specimen; diameter equivalence not assumed | O66: SRC_PRIMARY_SENKOV2006 | P66: 10.1016/j.intermet.2006.01.024 | Q66: Senkov et al., Intermetallics 14 (2006), Table 1/2; maximum glassy thickness t_m | R66: VERIFIED_PRIMARY_THICKNESS | S66: PASS | T66: YES | U66: Metric correction: former dc_mm value is critical thickness t_m; excluded from diameter Dmax model. | V66: NO | W66: Explicit row from Long et al. 2009 Table 2; excluded from final model until primary-source lock.
A67: MG-LONG-014 | B67: Ca65Mg20Zn15 | C67: Ca65Mg20Zn15 | D67: Mixed BMG | E67: Ca-based | F67: 380 | G67: 405 | I67: 668 | K67: 5 | M67: Copper-mold casting; response reported as maximum glassy thickness t_m | N67: Thickness specimen; diameter equivalence not assumed | O67: SRC_PRIMARY_SENKOV2006 | P67: 10.1016/j.intermet.2006.01.024 | Q67: Senkov et al., Intermetallics 14 (2006), Table 1/2; maximum glassy thickness t_m | R67: VERIFIED_PRIMARY_THICKNESS | S67: PASS | T67: YES | U67: Metric correction: former dc_mm value is critical thickness t_m; excluded from diameter Dmax model. | V67: NO | W67: Explicit row from Long et al. 2009 Table 2; excluded from final model until primary-source lock.
A68: MG-LONG-015 | B68: Ca65Mg15Zn20 | C68: Ca65Mg15Zn20 | D68: Mixed BMG | E68: Ca-based | F68: 377 | G68: 410 | I68: 630 | K68: 6 | M68: Copper-mold casting; response reported as maximum glassy thickness t_m | N68: Thickness specimen; diameter equivalence not assumed | O68: SRC_PRIMARY_SENKOV2006 | P68: 10.1016/j.intermet.2006.01.024 | Q68: Senkov et al., Intermetallics 14 (2006), Table 1/2; maximum glassy thickness t_m | R68: VERIFIED_PRIMARY_THICKNESS | S68: PASS | T68: YES | U68: Metric correction: former dc_mm value is critical thickness t_m; excluded from diameter Dmax model. | V68: NO | W68: Explicit row from Long et al. 2009 Table 2; excluded from final model until primary-source lock.
A69: MG-LONG-016 | B69: Ca65Mg10Zn25 | C69: Ca65Mg10Zn25 | D69: Mixed BMG | E69: Ca-based | F69: 377 | G69: 412 | I69: 659 | K69: 2 | M69: Copper-mold casting; response reported as maximum glassy thickness t_m | N69: Thickness specimen; diameter equivalence not assumed | O69: SRC_PRIMARY_SENKOV2006 | P69: 10.1016/j.intermet.2006.01.024 | Q69: Senkov et al., Intermetallics 14 (2006), Table 1/2; maximum glassy thickness t_m | R69: VERIFIED_PRIMARY_THICKNESS | S69: PASS | T69: YES | U69: Metric correction: former dc_mm value is critical thickness t_m; excluded from diameter Dmax model. | V69: NO | W69: Explicit row from Long et al. 2009 Table 2; excluded from final model until primary-source lock.
A70: MG-LONG-017 | B70: Ca70Mg15Zn15 | C70: Ca70Mg15Zn15 | D70: Mixed BMG | E70: Ca-based | F70: 371 | G70: 397 | I70: 688 | K70: 0.5 | M70: Copper-mold casting; response reported as maximum glassy thickness t_m | N70: Thickness specimen; diameter equivalence not assumed | O70: SRC_PRIMARY_SENKOV2006 | P70: 10.1016/j.intermet.2006.01.024 | Q70: Senkov et al., Intermetallics 14 (2006), Table 1/2; maximum glassy thickness t_m | R70: VERIFIED_PRIMARY_THICKNESS | S70: PASS | T70: YES | U70: Metric correction: former dc_mm value is critical thickness t_m; excluded from diameter Dmax model. | V70: NO | W70: Explicit row from Long et al. 2009 Table 2; excluded from final model until primary-source lock.
A71: MG-LONG-018 | B71: Ca70Mg10Zn20 | C71: Ca70Mg10Zn20 | D71: Mixed BMG | E71: Ca-based | F71: 367 | G71: 399 | I71: 657 | K71: 0.5 | M71: Copper-mold casting; response reported as maximum glassy thickness t_m | N71: Thickness specimen; diameter equivalence not assumed | O71: SRC_PRIMARY_SENKOV2006 | P71: 10.1016/j.intermet.2006.01.024 | Q71: Senkov et al., Intermetallics 14 (2006), Table 1/2; maximum glassy thickness t_m | R71: VERIFIED_PRIMARY_THICKNESS | S71: PASS | T71: YES | U71: Metric correction: former dc_mm value is critical thickness t_m; excluded from diameter Dmax model. | V71: NO | W71: Explicit row from Long et al. 2009 Table 2; excluded from final model until primary-source lock.
A72: MG-LONG-019 | B72: Ca40Mg30Cu30 | C72: Ca40Mg30Cu30 | D72: Mixed BMG | E72: Ca-based | F72: 395 | G72: 430 | I72: 694 | K72: 0.5 | M72: Copper-mold casting; response reported as maximum glassy thickness t_m | N72: Thickness specimen; diameter equivalence not assumed | O72: SRC_PRIMARY_SENKOV2006 | P72: 10.1016/j.intermet.2006.01.024 | Q72: Senkov et al., Intermetallics 14 (2006), Table 1/2; maximum glassy thickness t_m | R72: VERIFIED_PRIMARY_THICKNESS | S72: PASS | T72: YES | U72: Metric correction: former dc_mm value is critical thickness t_m; excluded from diameter Dmax model. | V72: NO | W72: Explicit row from Long et al. 2009 Table 2; excluded from final model until primary-source lock.
A73: MG-LONG-020 | B73: Ca40Mg25Cu35 | C73: Ca40Mg25Cu35 | D73: Mixed BMG | E73: Ca-based | F73: 399 | G73: 436 | I73: 680 | K73: 4 | M73: Copper-mold casting; response reported as maximum glassy thickness t_m | N73: Thickness specimen; diameter equivalence not assumed | O73: SRC_PRIMARY_SENKOV2006 | P73: 10.1016/j.intermet.2006.01.024 | Q73: Senkov et al., Intermetallics 14 (2006), Table 1/2; maximum glassy thickness t_m | R73: VERIFIED_PRIMARY_THICKNESS | S73: PASS | T73: YES | U73: Metric correction: former dc_mm value is critical thickness t_m; excluded from diameter Dmax model. | V73: NO | W73: Explicit row from Long et al. 2009 Table 2; excluded from final model until primary-source lock.
A74: MG-LONG-021 | B74: Ca45Mg30Cu25 | C74: Ca45Mg30Cu25 | D74: Mixed BMG | E74: Ca-based | F74: 401 | G74: 436 | I74: 717 | K74: 1 | M74: Copper-mold casting; response reported as maximum glassy thickness t_m | N74: Thickness specimen; diameter equivalence not assumed | O74: SRC_PRIMARY_SENKOV2006 | P74: 10.1016/j.intermet.2006.01.024 | Q74: Senkov et al., Intermetallics 14 (2006), Table 1/2; maximum glassy thickness t_m | R74: VERIFIED_PRIMARY_THICKNESS | S74: PASS | T74: YES | U74: Metric correction: former dc_mm value is critical thickness t_m; excluded from diameter Dmax model. | V74: NO | W74: Explicit row from Long et al. 2009 Table 2; excluded from final model until primary-source lock.
A75: MG-LONG-022 | B75: Ca45Mg25Cu30 | C75: Ca45Mg25Cu30 | D75: Mixed BMG | E75: Ca-based | F75: 400 | G75: 438 | I75: 678 | K75: 6 | M75: Copper-mold casting; response reported as maximum glassy thickness t_m | N75: Thickness specimen; diameter equivalence not assumed | O75: SRC_PRIMARY_SENKOV2006 | P75: 10.1016/j.intermet.2006.01.024 | Q75: Senkov et al., Intermetallics 14 (2006), Table 1/2; maximum glassy thickness t_m | R75: VERIFIED_PRIMARY_THICKNESS | S75: PASS | T75: YES | U75: Metric correction: former dc_mm value is critical thickness t_m; excluded from diameter Dmax model. | V75: NO | W75: Explicit row from Long et al. 2009 Table 2; excluded from final model until primary-source lock.
A76: MG-LONG-023 | B76: Ca45Mg19Cu36 | C76: Ca45Mg19Cu36 | D76: Mixed BMG | E76: Ca-based | F76: 399 | G76: 428 | I76: 714 | K76: 0.5 | M76: Copper-mold casting; response reported as maximum glassy thickness t_m | N76: Thickness specimen; diameter equivalence not assumed | O76: SRC_PRIMARY_SENKOV2006 | P76: 10.1016/j.intermet.2006.01.024 | Q76: Senkov et al., Intermetallics 14 (2006), Table 1/2; maximum glassy thickness t_m | R76: VERIFIED_PRIMARY_THICKNESS | S76: PASS | T76: YES | U76: Metric correction: former dc_mm value is critical thickness t_m; excluded from diameter Dmax model. | V76: NO | W76: Explicit row from Long et al. 2009 Table 2; excluded from final model until primary-source lock.
A77: MG-LONG-024 | B77: Mg65Cu25Gd5Y5 | C77: Mg65Cu25Gd5Y5 | D77: Mixed BMG | E77: Mg-based | F77: 413 | G77: 486 | I77: 755 | J77: 5 | M77: Compiled literature | N77: BMG | O77: SRC30 | P77: 10.1016/j.jallcom.2008.07.087 | Q77: Table 2 | R77: VERIFIED_COMPILATION | S77: PASS | T77: NO | U77: Primary reference cited by Long et al. not yet audited | V77: NO | W77: Explicit row from Long et al. 2009 Table 2; excluded from final model until primary-source lock.
A78: MG-LONG-025 | B78: Mg65Cu20Ni5Gd10 | C78: Mg65Cu20Ni5Gd10 | D78: Mixed BMG | E78: Mg-based | F78: 420 | G78: 481 | I78: 786 | J78: 5 | M78: Compiled literature | N78: BMG | O78: SRC30 | P78: 10.1016/j.jallcom.2008.07.087 | Q78: Table 2 | R78: VERIFIED_COMPILATION | S78: PASS | T78: NO | U78: Primary reference cited by Long et al. not yet audited | V78: NO | W78: Explicit row from Long et al. 2009 Table 2; excluded from final model until primary-source lock.
A79: MG-LONG-026 | B79: Mg65Cu15Ag10Y4Gd6 | C79: Mg65Cu15Ag10Y4Gd6 | D79: Mixed BMG | E79: Mg-based | F79: 424 | G79: 467 | I79: 682 | J79: 8 | M79: Compiled literature | N79: BMG | O79: SRC30 | P79: 10.1016/j.jallcom.2008.07.087 | Q79: Table 2 | R79: VERIFIED_COMPILATION | S79: PASS | T79: NO | U79: Primary reference cited by Long et al. not yet audited | V79: NO | W79: Explicit row from Long et al. 2009 Table 2; excluded from final model until primary-source lock.
A80: MG-LONG-027 | B80: Mg65Cu15Ag10Y2Gd8 | C80: Mg65Cu15Ag10Y2Gd8 | D80: Mixed BMG | E80: Mg-based | F80: 420 | G80: 464 | I80: 683 | J80: 9 | M80: Compiled literature | N80: BMG | O80: SRC30 | P80: 10.1016/j.jallcom.2008.07.087 | Q80: Table 2 | R80: VERIFIED_COMPILATION | S80: PASS | T80: NO | U80: Primary reference cited by Long et al. not yet audited | V80: NO | W80: Explicit row from Long et al. 2009 Table 2; excluded from final model until primary-source lock.
A81: MG-LONG-028 | B81: Mg65Cu15Ag10Gd10 | C81: Mg65Cu15Ag10Gd10 | D81: Mixed BMG | E81: Mg-based | F81: 416 | G81: 459 | I81: 686 | J81: 7.5 | M81: Compiled literature | N81: BMG | O81: SRC30 | P81: 10.1016/j.jallcom.2008.07.087 | Q81: Table 2 | R81: VERIFIED_COMPILATION | S81: PASS | T81: NO | U81: Primary reference cited by Long et al. not yet audited | V81: NO | W81: Explicit row from Long et al. 2009 Table 2; excluded from final model until primary-source lock.
A82: MG-LONG-029 | B82: Mg65Cu7.5Ni7.5Ag5Zn5Gd10 | C82: Mg65Cu7.5Ni7.5Ag5Zn5Gd10 | D82: Mixed BMG | E82: Mg-based | F82: 440 | G82: 477 | I82: 726 | J82: 11 | M82: Compiled literature | N82: BMG | O82: SRC30 | P82: 10.1016/j.jallcom.2008.07.087 | Q82: Table 2 | R82: VERIFIED_COMPILATION | S82: PASS | T82: NO | U82: Primary reference cited by Long et al. not yet audited | V82: NO | W82: Explicit row from Long et al. 2009 Table 2; excluded from final model until primary-source lock.
A83: MG-LONG-030 | B83: Mg65Cu7.5Ni7.5Ag5Zn5Gd7.5Y2.5 | C83: Mg65Cu7.5Ni7.5Ag5Zn5Gd7.5Y2.5 | D83: Mixed BMG | E83: Mg-based | F83: 438 | G83: 474 | I83: 719 | J83: 13 | M83: Compiled literature | N83: BMG | O83: SRC30 | P83: 10.1016/j.jallcom.2008.07.087 | Q83: Table 2 | R83: VERIFIED_COMPILATION | S83: PASS | T83: NO | U83: Primary reference cited by Long et al. not yet audited | V83: NO | W83: Explicit row from Long et al. 2009 Table 2; excluded from final model until primary-source lock.
A84: MG-LONG-031 | B84: Mg65Cu7.5Ni7.5Ag5Zn5Gd5Y5 | C84: Mg65Cu7.5Ni7.5Ag5Zn5Gd5Y5 | D84: Mixed BMG | E84: Mg-based | F84: 434 | G84: 472 | I84: 718 | J84: 14 | M84: Compiled literature | N84: BMG | O84: SRC30 | P84: 10.1016/j.jallcom.2008.07.087 | Q84: Table 2 | R84: VERIFIED_COMPILATION | S84: PASS | T84: NO | U84: Primary reference cited by Long et al. not yet audited | V84: NO | W84: Explicit row from Long et al. 2009 Table 2; excluded from final model until primary-source lock.
A85: MG-LONG-032 | B85: Mg65Cu7.5Ni7.5Ag5Zn5Gd2.5Y7.5 | C85: Mg65Cu7.5Ni7.5Ag5Zn5Gd2.5Y7.5 | D85: Mixed BMG | E85: Mg-based | F85: 433 | G85: 473 | I85: 735 | J85: 9.5 | M85: Compiled literature | N85: BMG | O85: SRC30 | P85: 10.1016/j.jallcom.2008.07.087 | Q85: Table 2 | R85: VERIFIED_COMPILATION | S85: PASS | T85: NO | U85: Primary reference cited by Long et al. not yet audited | V85: NO | W85: Explicit row from Long et al. 2009 Table 2; excluded from final model until primary-source lock.
A86: MG-LONG-033 | B86: Mg65Cu7.5Ni7.5Ag5Zn5Y10 | C86: Mg65Cu7.5Ni7.5Ag5Zn5Y10 | D86: Mixed BMG | E86: Mg-based | F86: 430 | G86: 459 | I86: 728 | J86: 9 | M86: Compiled literature | N86: BMG | O86: SRC30 | P86: 10.1016/j.jallcom.2008.07.087 | Q86: Table 2 | R86: VERIFIED_COMPILATION | S86: PASS | T86: NO | U86: Primary reference cited by Long et al. not yet audited | V86: NO | W86: Explicit row from Long et al. 2009 Table 2; excluded from final model until primary-source lock.
A87: MG-LONG-034 | B87: Mg58.5Cu30.5Y11 | C87: Mg58.5Cu30.5Y11 | D87: Mixed BMG | E87: Mg-based | F87: 422 | G87: 496 | I87: 762 | J87: 9 | M87: Compiled literature | N87: BMG | O87: SRC30 | P87: 10.1016/j.jallcom.2008.07.087 | Q87: Table 2 | R87: VERIFIED_COMPILATION | S87: PASS | T87: NO | U87: Primary reference cited by Long et al. not yet audited | V87: NO | W87: Explicit row from Long et al. 2009 Table 2; excluded from final model until primary-source lock.
A88: MG-LONG-035 | B88: Mg57Cu31.5Y9.2Nd2.3 | C88: Mg57Cu31.5Y9.2Nd2.3 | D88: Mixed BMG | E88: Mg-based | F88: 428 | G88: 502 | I88: 777 | J88: 10 | M88: Compiled literature | N88: BMG | O88: SRC30 | P88: 10.1016/j.jallcom.2008.07.087 | Q88: Table 2 | R88: VERIFIED_COMPILATION | S88: PASS | T88: NO | U88: Primary reference cited by Long et al. not yet audited | V88: NO | W88: Explicit row from Long et al. 2009 Table 2; excluded from final model until primary-source lock.
... A120: MG-LONG-067 | B120: [(Ni0.6Fe0.4)0.75B0.2Si0.05]96Nb4 | C120: [(Ni0.6Fe0.4)0.75B0.2Si0.05]96Nb4 | D120: Mixed BMG | E120: Ni-based | F120: 745 | G120: 795 | I120: 1348 | J120: 3 | M120: Compiled literature | N120: BMG | O120: SRC30 | P120: 10.1016/j.jallcom.2008.07.087 | Q120: Table 2 | R120: VERIFIED_COMPILATION | S120: PASS | T120: NO | U120: Primary reference cited by Long et al. not yet audited | V120: NO | W120: Explicit row from Long et al. 2009 Table 2; excluded from final model until primary-source lock.
A121: MG-NI-PR-001 | B121: Ni59Zr16Ti13Nb7Si3Sn2 | C121: Ni59Zr16Ti13Nb7Si3Sn2 | D121: Ni-based | E121: Ni–Zr–Ti–Nb–Si–Sn modified | F121: 832 | G121: 884 | I121: 1316 | J121: 5 | M121: Reported synthesis study | N121: BMG | O121: SRC35 | Q121: Table 2 | R121: VERIFIED_PRIMARY | S121: PASS | T121: NO | V121: YES | W121: Explicit numerical row from accessible full report Table 2.
A122: MG-NI-PR-002 | B122: Ni59Zr15Ti13Nb7Si3Sn2Al1 | C122: Ni59Zr15Ti13Nb7Si3Sn2Al1 | D122: Ni-based | E122: Ni–Zr–Ti–Nb–Si–Sn modified | F122: 842 | G122: 890 | I122: 1305 | J122: 7 | M122: Reported synthesis study | N122: BMG | O122: SRC35 | Q122: Table 2 | R122: VERIFIED_PRIMARY | S122: PASS | T122: NO | V122: YES | W122: Explicit numerical row from accessible full report Table 2.
A123: MG-NI-PR-003 | B123: Ni58Zr16Ti13Nb7Si3Sn2W1 | C123: Ni58Zr16Ti13Nb7Si3Sn2W1 | D123: Ni-based | E123: Ni–Zr–Ti–Nb–Si–Sn modified | F123: 814 | G123: 886 | I123: 1315 | J123: 7 | M123: Reported synthesis study | N123: BMG | O123: SRC35 | Q123: Table 2 | R123: VERIFIED_PRIMARY | S123: PASS | T123: NO | V123: YES | W123: Explicit numerical row from accessible full report Table 2.
A124: MG-LONG-068 | B124: Pd77Cu6Si17 | C124: Pd77Cu6Si17 | D124: Mixed BMG | E124: Pd-based | F124: 642.4 | G124: 686.4 | I124: 1128 | J124: 2 | M124: Compiled literature | N124: BMG | O124: SRC30 | P124: 10.1016/j.jallcom.2008.07.087 | Q124: Table 2 | R124: VERIFIED_COMPILATION | S124: PASS | T124: NO | U124: Primary reference cited in Table 2 not yet audited | V124: NO | W124: Explicit Long et al. 2009 Table 2 row; staged pending primary-source verification.
A125: MG-LONG-069 | B125: Pd79Cu6Si10P5 | C125: Pd79Cu6Si10P5 | D125: Mixed BMG | E125: Pd-based | F125: 609 | G125: 682 | I125: 995 | J125: 5 | M125: Compiled literature | N125: BMG | O125: SRC30 | P125: 10.1016/j.jallcom.2008.07.087 | Q125: Table 2 | R125: VERIFIED_COMPILATION | S125: PASS | T125: NO | U125: Primary reference cited in Table 2 not yet audited | V125: NO | W125: Explicit Long et al. 2009 Table 2 row; staged pending primary-source verification.
A126: MG-LONG-070 | B126: Pd79Cu5Ag1Si10P5 | C126: Pd79Cu5Ag1Si10P5 | D126: Mixed BMG | E126: Pd-based | F126: 614 | G126: 684 | I126: 1001 | J126: 4 | M126: Compiled literature | N126: BMG | O126: SRC30 | P126: 10.1016/j.jallcom.2008.07.087 | Q126: Table 2 | R126: VERIFIED_COMPILATION | S126: PASS | T126: NO | U126: Primary reference cited in Table 2 not yet audited | V126: NO | W126: Explicit Long et al. 2009 Table 2 row; staged pending primary-source verification.
A127: MG-LONG-071 | B127: Ti41.5Zr2.5Hf5Cu42.5Ni7.5Si1 | C127: Ti41.5Zr2.5Hf5Cu42.5Ni7.5Si1 | D127: Mixed BMG | E127: Ti-based | F127: 684.6 | G127: 719.9 | I127: 1206 | J127: 2 | M127: Compiled literature | N127: BMG | O127: SRC30 | P127: 10.1016/j.jallcom.2008.07.087 | Q127: Table 2 | R127: VERIFIED_COMPILATION | S127: PASS | T127: NO | U127: Primary reference cited in Table 2 not yet audited | V127: NO | W127: Explicit Long et al. 2009 Table 2 row; staged pending primary-source verification.
A128: MG-LONG-072 | B128: Ti41.5Zr2.5Hf5Cu37.5Ni7.5Si1Sn5 | C128: Ti41.5Zr2.5Hf5Cu37.5Ni7.5Si1Sn5 | D128: Mixed BMG | E128: Ti-based | F128: 693.3 | G128: 757.5 | I128: 1176 | J128: 6 | M128: Compiled literature | N128: BMG | O128: SRC30 | P128: 10.1016/j.jallcom.2008.07.087 | Q128: Table 2 | R128: VERIFIED_COMPILATION | S128: PASS | T128: NO | U128: Primary reference cited in Table 2 not yet audited | V128: NO | W128: Explicit Long et al. 2009 Table 2 row; staged pending primary-source verification.
A129: MG-LONG-073 | B129: Ti40Zr10Cu40Pd10 | C129: Ti40Zr10Cu40Pd10 | D129: Mixed BMG | E129: Ti-based | F129: 660 | G129: 709 | I129: 1184 | J129: 4 | M129: Compiled literature | N129: BMG | O129: SRC30 | P129: 10.1016/j.jallcom.2008.07.087 | Q129: Table 2 | R129: VERIFIED_COMPILATION | S129: PASS | T129: NO | U129: Primary reference cited in Table 2 not yet audited | V129: NO | W129: Explicit Long et al. 2009 Table 2 row; staged pending primary-source verification.
A130: MG-LONG-074 | B130: Ti40Zr10Cu34Pd16 | C130: Ti40Zr10Cu34Pd16 | D130: Mixed BMG | E130: Ti-based | F130: 672 | G130: 723 | I130: 1231 | J130: 4 | M130: Compiled literature | N130: BMG | O130: SRC30 | P130: 10.1016/j.jallcom.2008.07.087 | Q130: Table 2 | R130: VERIFIED_COMPILATION | S130: PASS | T130: NO | U130: Primary reference cited in Table 2 not yet audited | V130: NO | W130: Explicit Long et al. 2009 Table 2 row; staged pending primary-source verification.
A131: MG-LONG-075 | B131: Ti40Zr10Cu32Pd18 | C131: Ti40Zr10Cu32Pd18 | D131: Mixed BMG | E131: Ti-based | F131: 683 | G131: 740 | I131: 1272 | J131: 3 | M131: Compiled literature | N131: BMG | O131: SRC30 | P131: 10.1016/j.jallcom.2008.07.087 | Q131: Table 2 | R131: VERIFIED_COMPILATION | S131: PASS | T131: NO | U131: Primary reference cited in Table 2 not yet audited | V131: NO | W131: Explicit Long et al. 2009 Table 2 row; staged pending primary-source verification.
A132: MG-LONG-076 | B132: Ti40Zr10Cu30Pd20 | C132: Ti40Zr10Cu30Pd20 | D132: Mixed BMG | E132: Ti-based | F132: 687 | G132: 747 | I132: 1279 | J132: 3 | M132: Compiled literature | N132: BMG | O132: SRC30 | P132: 10.1016/j.jallcom.2008.07.087 | Q132: Table 2 | R132: VERIFIED_COMPILATION | S132: PASS | T132: NO | U132: Primary reference cited in Table 2 not yet audited | V132: NO | W132: Explicit Long et al. 2009 Table 2 row; staged pending primary-source verification.
A133: MG-LONG-077 | B133: Ti53Cu15Ni18.5Al7Si3Sc3B0.5 | C133: Ti53Cu15Ni18.5Al7Si3Sc3B0.5 | D133: Mixed BMG | E133: Ti-based | F133: 709 | G133: 767 | I133: 1240 | J133: 2 | M133: Compiled literature | N133: BMG | O133: SRC30 | P133: 10.1016/j.jallcom.2008.07.087 | Q133: Table 2 | R133: VERIFIED_COMPILATION | S133: PASS | T133: NO | U133: Primary reference cited in Table 2 not yet audited | V133: NO | W133: Explicit Long et al. 2009 Table 2 row; staged pending primary-source verification.
A134: MG-LONG-078 | B134: Ti53Cu15Ni18.5Al7Si3Hf3B0.5 | C134: Ti53Cu15Ni18.5Al7Si3Hf3B0.5 | D134: Mixed BMG | E134: Ti-based | F134: 695 | G134: 749 | I134: 1230 | J134: 2 | M134: Compiled literature | N134: BMG | O134: SRC30 | P134: 10.1016/j.jallcom.2008.07.087 | Q134: Table 2 | R134: VERIFIED_COMPILATION | S134: PASS | T134: NO | U134: Primary reference cited in Table 2 not yet audited | V134: NO | W134: Explicit Long et al. 2009 Table 2 row; staged pending primary-source verification.
A135: MG-LONG-079 | B135: Ti40Zr10Cu38Pd12 | C135: Ti40Zr10Cu38Pd12 | D135: Mixed BMG | E135: Ti-based | F135: 666 | G135: 715 | I135: 1189 | J135: 6 | M135: Compiled literature | N135: BMG | O135: SRC30 | P135: 10.1016/j.jallcom.2008.07.087 | Q135: Table 2 | R135: VERIFIED_COMPILATION | S135: PASS | T135: NO | U135: Primary reference cited in Table 2 not yet audited | V135: NO | W135: Explicit Long et al. 2009 Table 2 row; staged pending primary-source verification.
... A277: MG-JTAC18-126 | B277: Mg65Ni20La15 | C277: Mg65Ni20La15 | D277: Mixed BMG | E277: Mg-based | F277: 451 | G277: 480 | I277: 812 | J277: 0.5 | M277: Published compilation | N277: BMG | O277: SRC36 | P277: 10.1007/s10973-018-7050-0 | Q277: Table 2, row 126 | R277: VERIFIED_COMPILATION | S277: PASS | T277: NO | U277: Primary cited reference not yet audited | V277: NO | W277: Explicit Long et al. 2018 Table 2 observation; staged. Potential cross-compilation duplicates retained for provenance audit.

Sheet Derived_Descriptors
A1: MG_ID | B1: Tg_K | C1: Tx_K | D1: Tm_K | E1: Tl_K | F1: DeltaTx_K | G1: Trg_Tg_Tl | H1: Trg_Tg_Tm | I1: Gamma | J1: Gamma_m | K1: DeltaTrg | L1: Delta_param | M1: Phi | N1: Alpha | O1: Beta_sum | P1: Omega | Q1: Source_reported_DeltaTx | R1: Source_reported_Trg | S1: Source_reported_Gamma | T1: Descriptor_QC
A2: =Master_Database!A2 -> MG-ZNA-001 | B2: =Master_Database!F2 -> 663 | C2: =Master_Database!G2 -> 710 | D2: =Master_Database!H2 -> 1199 | E2: =Master_Database!I2 -> 1236 | F2: =IF(OR(B2="",C2=""),"",C2-B2) -> 47 | G2: =IF(OR(B2="",E2=""),"",B2/E2) -> 0.53640777 | H2: =IF(OR(B2="",D2=""),"",B2/D2) -> 0.5529608 | I2: =IF(OR(B2="",C2="",E2=""),"",C2/(B2+E2)) -> 0.37388099 | J2: =IF(OR(B2="",C2="",E2=""),"",(2*C2-B2)/E2) -> 0.61245955 | K2: =IF(OR(B2="",C2="",E2=""),"",(C2-B2)/(E2-B2)) -> 0.082024433 | L2: =IF(OR(B2="",C2="",E2=""),"",C2/(E2-B2)) -> 1.2390925 | M2: =IF(OR(B2="",C2="",E2=""),"",(B2/E2)*((C2-B2)/B2)^0.143) -> 0.36739109 | N2: =IF(OR(C2="",E2=""),"",C2/E2) -> 0.57443366 | O2: =IF(OR(B2="",C2="",E2=""),"",C2/B2+B2/E2) -> 1.6072977 | P2: =IF(OR(B2="",C2="",E2=""),"",B2/C2-2*B2/(B2+E2)) -> 0.23554057 | Q2: 38 | R2: 0.522 | S2: 0.584 | T2: PASS
A3: =Master_Database!A3 -> MG-ZNA-002 | B3: =Master_Database!F3 -> 682 | C3: =Master_Database!G3 -> 729 | D3: =Master_Database!H3 -> 1174 | E3: =Master_Database!I3 -> 1283 | F3: =IF(OR(B3="",C3=""),"",C3-B3) -> 47 | G3: =IF(OR(B3="",E3=""),"",B3/E3) -> 0.53156664 | H3: =IF(OR(B3="",D3=""),"",B3/D3) -> 0.58091993 | I3: =IF(OR(B3="",C3="",E3=""),"",C3/(B3+E3)) -> 0.37099237 | J3: =IF(OR(B3="",C3="",E3=""),"",(2*C3-B3)/E3) -> 0.60483242 | K3: =IF(OR(B3="",C3="",E3=""),"",(C3-B3)/(E3-B3)) -> 0.078202995 | L3: =IF(OR(B3="",C3="",E3=""),"",C3/(E3-B3)) -> 1.2129784 | M3: =IF(OR(B3="",C3="",E3=""),"",(B3/E3)*((C3-B3)/B3)^0.143) -> 0.3626073 | N3: =IF(OR(C3="",E3=""),"",C3/E3) -> 0.56819953 | O3: =IF(OR(B3="",C3="",E3=""),"",C3/B3+B3/E3) -> 1.6004816 | P3: =IF(OR(B3="",C3="",E3=""),"",B3/C3-2*B3/(B3+E3)) -> 0.24138054 | Q3: 45 | R3: 0.522 | S3: 0.593 | T3: PASS
A4: =Master_Database!A4 -> MG-ZNA-003 | B4: =Master_Database!F4 -> 703 | C4: =Master_Database!G4 -> 758 | D4: =Master_Database!H4 -> 1178 | E4: =Master_Database!I4 -> 1266 | F4: =IF(OR(B4="",C4=""),"",C4-B4) -> 55 | G4: =IF(OR(B4="",E4=""),"",B4/E4) -> 0.55529226 | H4: =IF(OR(B4="",D4=""),"",B4/D4) -> 0.59677419 | I4: =IF(OR(B4="",C4="",E4=""),"",C4/(B4+E4)) -> 0.38496699 | J4: =IF(OR(B4="",C4="",E4=""),"",(2*C4-B4)/E4) -> 0.64218009 | K4: =IF(OR(B4="",C4="",E4=""),"",(C4-B4)/(E4-B4)) -> 0.097690941 | L4: =IF(OR(B4="",C4="",E4=""),"",C4/(E4-B4)) -> 1.3463588 | M4: =IF(OR(B4="",C4="",E4=""),"",(B4/E4)*((C4-B4)/B4)^0.143) -> 0.38572596 | N4: =IF(OR(C4="",E4=""),"",C4/E4) -> 0.59873618 | O4: =IF(OR(B4="",C4="",E4=""),"",C4/B4+B4/E4) -> 1.6335284 | P4: =IF(OR(B4="",C4="",E4=""),"",B4/C4-2*B4/(B4+E4)) -> 0.21337258 | Q4: 43 | R4: 0.515 | S4: 0.581 | T4: PASS
A5: =Master_Database!A5 -> MG-ZNA-004 | B5: =Master_Database!F5 -> 745 | C5: =Master_Database!G5 -> 784 | D5: =Master_Database!H5 -> 1183 | E5: =Master_Database!I5 -> 1342 | F5: =IF(OR(B5="",C5=""),"",C5-B5) -> 39 | G5: =IF(OR(B5="",E5=""),"",B5/E5) -> 0.55514158 | H5: =IF(OR(B5="",D5=""),"",B5/D5) -> 0.62975486 | I5: =IF(OR(B5="",C5="",E5=""),"",C5/(B5+E5)) -> 0.37565884 | J5: =IF(OR(B5="",C5="",E5=""),"",(2*C5-B5)/E5) -> 0.61326379 | K5: =IF(OR(B5="",C5="",E5=""),"",(C5-B5)/(E5-B5)) -> 0.065326633 | L5: =IF(OR(B5="",C5="",E5=""),"",C5/(E5-B5)) -> 1.3132328 | M5: =IF(OR(B5="",C5="",E5=""),"",(B5/E5)*((C5-B5)/B5)^0.143) -> 0.36408908 | N5: =IF(OR(C5="",E5=""),"",C5/E5) -> 0.58420268 | O5: =IF(OR(B5="",C5="",E5=""),"",C5/B5+B5/E5) -> 1.6074906 | P5: =IF(OR(B5="",C5="",E5=""),"",B5/C5-2*B5/(B5+E5)) -> 0.23631164 | Q5: 39 | R5: 0.54 | S5: 0.599 | T5: PASS
A6: =Master_Database!A6 -> MG-ZNA-005 | B6: =Master_Database!F6 -> 680 | C6: =Master_Database!G6 -> 721 | D6: =Master_Database!H6 -> 1178 | E6: =Master_Database!I6 -> 1220 | F6: =IF(OR(B6="",C6=""),"",C6-B6) -> 41 | G6: =IF(OR(B6="",E6=""),"",B6/E6) -> 0.55737705 | H6: =IF(OR(B6="",D6=""),"",B6/D6) -> 0.57724958 | I6: =IF(OR(B6="",C6="",E6=""),"",C6/(B6+E6)) -> 0.37947368 | J6: =IF(OR(B6="",C6="",E6=""),"",(2*C6-B6)/E6) -> 0.62459016 | K6: =IF(OR(B6="",C6="",E6=""),"",(C6-B6)/(E6-B6)) -> 0.075925926 | L6: =IF(OR(B6="",C6="",E6=""),"",C6/(E6-B6)) -> 1.3351852 | M6: =IF(OR(B6="",C6="",E6=""),"",(B6/E6)*((C6-B6)/B6)^0.143) -> 0.37301681 | N6: =IF(OR(C6="",E6=""),"",C6/E6) -> 0.59098361 | O6: =IF(OR(B6="",C6="",E6=""),"",C6/B6+B6/E6) -> 1.6176712 | P6: =IF(OR(B6="",C6="",E6=""),"",B6/C6-2*B6/(B6+E6)) -> 0.22734506 | Q6: 42 | R6: 0.526 | S6: 0.594 | T6: PASS
A7: =Master_Database!A7 -> MG-ZNA-006 | B7: =Master_Database!F7 -> 702 | C7: =Master_Database!G7 -> 770 | D7: =Master_Database!H7 -> 1176 | E7: =Master_Database!I7 -> 1263 | F7: =IF(OR(B7="",C7=""),"",C7-B7) -> 68 | G7: =IF(OR(B7="",E7=""),"",B7/E7) -> 0.55581948 | H7: =IF(OR(B7="",D7=""),"",B7/D7) -> 0.59693878 | I7: =IF(OR(B7="",C7="",E7=""),"",C7/(B7+E7)) -> 0.39185751 | J7: =IF(OR(B7="",C7="",E7=""),"",(2*C7-B7)/E7) -> 0.6634996 | K7: =IF(OR(B7="",C7="",E7=""),"",(C7-B7)/(E7-B7)) -> 0.12121212 | L7: =IF(OR(B7="",C7="",E7=""),"",C7/(E7-B7)) -> 1.372549 | M7: =IF(OR(B7="",C7="",E7=""),"",(B7/E7)*((C7-B7)/B7)^0.143) -> 0.39806714 | N7: =IF(OR(C7="",E7=""),"",C7/E7) -> 0.60965954 | O7: =IF(OR(B7="",C7="",E7=""),"",C7/B7+B7/E7) -> 1.6526856 | P7: =IF(OR(B7="",C7="",E7=""),"",B7/C7-2*B7/(B7+E7)) -> 0.19718449 | Q7: 48 | R7: 0.523 | S7: 0.599 | T7: PASS
A8: =Master_Database!A8 -> MG-ZNA-007 | B8: =Master_Database!F8 -> 721 | C8: =Master_Database!G8 -> 789 | D8: =Master_Database!H8 -> 1185 | E8: =Master_Database!I8 -> 1289 | F8: =IF(OR(B8="",C8=""),"",C8-B8) -> 68 | G8: =IF(OR(B8="",E8=""),"",B8/E8) -> 0.55934833 | H8: =IF(OR(B8="",D8=""),"",B8/D8) -> 0.60843882 | I8: =IF(OR(B8="",C8="",E8=""),"",C8/(B8+E8)) -> 0.39253731 | J8: =IF(OR(B8="",C8="",E8=""),"",(2*C8-B8)/E8) -> 0.66485648 | K8: =IF(OR(B8="",C8="",E8=""),"",(C8-B8)/(E8-B8)) -> 0.11971831 | L8: =IF(OR(B8="",C8="",E8=""),"",C8/(E8-B8)) -> 1.3890845 | M8: =IF(OR(B8="",C8="",E8=""),"",(B8/E8)*((C8-B8)/B8)^0.143) -> 0.39906752 | N8: =IF(OR(C8="",E8=""),"",C8/E8) -> 0.6121024 | O8: =IF(OR(B8="",C8="",E8=""),"",C8/B8+B8/E8) -> 1.6536618 | P8: =IF(OR(B8="",C8="",E8=""),"",B8/C8-2*B8/(B8+E8)) -> 0.19640202 | Q8: 41 | R8: 0.524 | S8: 0.587 | T8: PASS
A9: =Master_Database!A9 -> MG-ZNA-008 | B9: =Master_Database!F9 -> 772 | C9: =Master_Database!G9 -> 813 | D9: =Master_Database!H9 -> 1182 | E9: =Master_Database!I9 -> 1338 | F9: =IF(OR(B9="",C9=""),"",C9-B9) -> 41 | G9: =IF(OR(B9="",E9=""),"",B9/E9) -> 0.57698057 | H9: =IF(OR(B9="",D9=""),"",B9/D9) -> 0.65313029 | I9: =IF(OR(B9="",C9="",E9=""),"",C9/(B9+E9)) -> 0.38530806 | J9: =IF(OR(B9="",C9="",E9=""),"",(2*C9-B9)/E9) -> 0.63826607 | K9: =IF(OR(B9="",C9="",E9=""),"",(C9-B9)/(E9-B9)) -> 0.072438163 | L9: =IF(OR(B9="",C9="",E9=""),"",C9/(E9-B9)) -> 1.4363958 | M9: =IF(OR(B9="",C9="",E9=""),"",(B9/E9)*((C9-B9)/B9)^0.143) -> 0.37919273 | N9: =IF(OR(C9="",E9=""),"",C9/E9) -> 0.60762332 | O9: =IF(OR(B9="",C9="",E9=""),"",C9/B9+B9/E9) -> 1.6300894 | P9: =IF(OR(B9="",C9="",E9=""),"",B9/C9-2*B9/(B9+E9)) -> 0.21781594 | Q9: 38 | R9: 0.542 | S9: 0.598 | T9: PASS
A10: =Master_Database!A10 -> MG-ZNA-009 | B10: =Master_Database!F10 -> 673 | C10: =Master_Database!G10 -> 706 | D10: =Master_Database!H10 -> 1178 | E10: =Master_Database!I10 -> 1244 | F10: =IF(OR(B10="",C10=""),"",C10-B10) -> 33 | G10: =IF(OR(B10="",E10=""),"",B10/E10) -> 0.54099678 | H10: =IF(OR(B10="",D10=""),"",B10/D10) -> 0.5713073 | I10: =IF(OR(B10="",C10="",E10=""),"",C10/(B10+E10)) -> 0.36828378 | J10: =IF(OR(B10="",C10="",E10=""),"",(2*C10-B10)/E10) -> 0.59405145 | K10: =IF(OR(B10="",C10="",E10=""),"",(C10-B10)/(E10-B10)) -> 0.057793345 | L10: =IF(OR(B10="",C10="",E10=""),"",C10/(E10-B10)) -> 1.2364273 | M10: =IF(OR(B10="",C10="",E10=""),"",(B10/E10)*((C10-B10)/B10)^0.143) -> 0.35150866 | N10: =IF(OR(C10="",E10=""),"",C10/E10) -> 0.56752412 | O10: =IF(OR(B10="",C10="",E10=""),"",C10/B10+B10/E10) -> 1.590031 | P10: =IF(OR(B10="",C10="",E10=""),"",B10/C10-2*B10/(B10+E10)) -> 0.25111903 | Q10: 47 | R10: 0.536 | S10: 0.612 | T10: PASS
A11: =Master_Database!A11 -> MG-ZNA-010 | B11: =Master_Database!F11 -> 691 | C11: =Master_Database!G11 -> 739 | D11: =Master_Database!H11 -> 1176 | E11: =Master_Database!I11 -> 1239 | F11: =IF(OR(B11="",C11=""),"",C11-B11) -> 48 | G11: =IF(OR(B11="",E11=""),"",B11/E11) -> 0.55770783 | H11: =IF(OR(B11="",D11=""),"",B11/D11) -> 0.58758503 | I11: =IF(OR(B11="",C11="",E11=""),"",C11/(B11+E11)) -> 0.38290155 | J11: =IF(OR(B11="",C11="",E11=""),"",(2*C11-B11)/E11) -> 0.63518967 | K11: =IF(OR(B11="",C11="",E11=""),"",(C11-B11)/(E11-B11)) -> 0.087591241 | L11: =IF(OR(B11="",C11="",E11=""),"",C11/(E11-B11)) -> 1.3485401 | M11: =IF(OR(B11="",C11="",E11=""),"",(B11/E11)*((C11-B11)/B11)^0.143) -> 0.38087185 | N11: =IF(OR(C11="",E11=""),"",C11/E11) -> 0.59644875 | O11: =IF(OR(B11="",C11="",E11=""),"",C11/B11+B11/E11) -> 1.6271724 | P11: =IF(OR(B11="",C11="",E11=""),"",B11/C11-2*B11/(B11+E11)) -> 0.21898519 | Q11: 47 | R11: 0.532 | S11: 0.605 | T11: PASS
A12: =Master_Database!A12 -> MG-ZNA-011 | B12: =Master_Database!F12 -> 707 | C12: =Master_Database!G12 -> 775 | D12: =Master_Database!H12 -> 1179 | E12: =Master_Database!I12 -> 1222 | F12: =IF(OR(B12="",C12=""),"",C12-B12) -> 68 | G12: =IF(OR(B12="",E12=""),"",B12/E12) -> 0.57855974 | H12: =IF(OR(B12="",D12=""),"",B12/D12) -> 0.59966073 | I12: =IF(OR(B12="",C12="",E12=""),"",C12/(B12+E12)) -> 0.40176257 | J12: =IF(OR(B12="",C12="",E12=""),"",(2*C12-B12)/E12) -> 0.6898527 | K12: =IF(OR(B12="",C12="",E12=""),"",(C12-B12)/(E12-B12)) -> 0.13203883 | L12: =IF(OR(B12="",C12="",E12=""),"",C12/(E12-B12)) -> 1.5048544 | M12: =IF(OR(B12="",C12="",E12=""),"",(B12/E12)*((C12-B12)/B12)^0.143) -> 0.41393296 | N12: =IF(OR(C12="",E12=""),"",C12/E12) -> 0.63420622 | O12: =IF(OR(B12="",C12="",E12=""),"",C12/B12+B12/E12) -> 1.6747408 | P12: =IF(OR(B12="",C12="",E12=""),"",B12/C12-2*B12/(B12+E12)) -> 0.17923577 | Q12: 55 | R12: 0.555 | S12: 0.642 | T12: PASS
A13: =Master_Database!A13 -> MG-ZNA-012 | B13: =Master_Database!F13 -> 742 | C13: =Master_Database!G13 -> 804 | D13: =Master_Database!H13 -> 1184 | E13: =Master_Database!I13 -> 1336 | F13: =IF(OR(B13="",C13=""),"",C13-B13) -> 62 | G13: =IF(OR(B13="",E13=""),"",B13/E13) -> 0.55538922 | H13: =IF(OR(B13="",D13=""),"",B13/D13) -> 0.62668919 | I13: =IF(OR(B13="",C13="",E13=""),"",C13/(B13+E13)) -> 0.38691049 | J13: =IF(OR(B13="",C13="",E13=""),"",(2*C13-B13)/E13) -> 0.64820359 | K13: =IF(OR(B13="",C13="",E13=""),"",(C13-B13)/(E13-B13)) -> 0.1043771 | L13: =IF(OR(B13="",C13="",E13=""),"",C13/(E13-B13)) -> 1.3535354 | M13: =IF(OR(B13="",C13="",E13=""),"",(B13/E13)*((C13-B13)/B13)^0.143) -> 0.38944103 | N13: =IF(OR(C13="",E13=""),"",C13/E13) -> 0.60179641 | O13: =IF(OR(B13="",C13="",E13=""),"",C13/B13+B13/E13) -> 1.6389472 | P13: =IF(OR(B13="",C13="",E13=""),"",B13/C13-2*B13/(B13+E13)) -> 0.20873735 | Q13: 39 | R13: 0.557 | S13: 0.615 | T13: PASS
... A26: =Master_Database!A26 -> MG-ZNA-025 | B26: =Master_Database!F26 -> 710 | C26: =Master_Database!G26 -> 778 | D26: =Master_Database!H26 -> 1177 | E26: =Master_Database!I26 -> 1251 | F26: =IF(OR(B26="",C26=""),"",C26-B26) -> 68 | G26: =IF(OR(B26="",E26=""),"",B26/E26) -> 0.56754596 | H26: =IF(OR(B26="",D26=""),"",B26/D26) -> 0.60322855 | I26: =IF(OR(B26="",C26="",E26=""),"",C26/(B26+E26)) -> 0.39673636 | J26: =IF(OR(B26="",C26="",E26=""),"",(2*C26-B26)/E26) -> 0.67625899 | K26: =IF(OR(B26="",C26="",E26=""),"",(C26-B26)/(E26-B26)) -> 0.12569316 | L26: =IF(OR(B26="",C26="",E26=""),"",C26/(E26-B26)) -> 1.4380776 | M26: =IF(OR(B26="",C26="",E26=""),"",(B26/E26)*((C26-B26)/B26)^0.143) -> 0.40580731 | N26: =IF(OR(C26="",E26=""),"",C26/E26) -> 0.62190248 | O26: =IF(OR(B26="",C26="",E26=""),"",C26/B26+B26/E26) -> 1.6633206 | P26: =IF(OR(B26="",C26="",E26=""),"",B26/C26-2*B26/(B26+E26)) -> 0.18847605 | Q26: 68 | R26: 0.568 | S26: 0.676 | T26: PASS
A27: =Master_Database!A27 -> MG-CZA-001 | B27: =Master_Database!F27 -> 714 | C27: =Master_Database!G27 -> 794 | D27: =Master_Database!H27 -> 0 | E27: =Master_Database!I27 -> 1190 | F27: =IF(OR(B27="",C27=""),"",C27-B27) -> 80 | G27: =IF(OR(B27="",E27=""),"",B27/E27) -> 0.6 | H27: =IF(OR(B27="",D27=""),"",B27/D27) | I27: =IF(OR(B27="",C27="",E27=""),"",C27/(B27+E27)) -> 0.41701681 | J27: =IF(OR(B27="",C27="",E27=""),"",(2*C27-B27)/E27) -> 0.73445378 | K27: =IF(OR(B27="",C27="",E27=""),"",(C27-B27)/(E27-B27)) -> 0.16806723 | L27: =IF(OR(B27="",C27="",E27=""),"",C27/(E27-B27)) -> 1.6680672 | M27: =IF(OR(B27="",C27="",E27=""),"",(B27/E27)*((C27-B27)/B27)^0.143) -> 0.43874712 | N27: =IF(OR(C27="",E27=""),"",C27/E27) -> 0.66722689 | O27: =IF(OR(B27="",C27="",E27=""),"",C27/B27+B27/E27) -> 1.7120448 | P27: =IF(OR(B27="",C27="",E27=""),"",B27/C27-2*B27/(B27+E27)) -> 0.14924433 | T27: PASS
A28: =Master_Database!A28 -> MG-CZA-002 | B28: =Master_Database!F28 -> 698 | C28: =Master_Database!G28 -> 783 | D28: =Master_Database!H28 -> 0 | E28: =Master_Database!I28 -> 1168 | F28: =IF(OR(B28="",C28=""),"",C28-B28) -> 85 | G28: =IF(OR(B28="",E28=""),"",B28/E28) -> 0.59760274 | H28: =IF(OR(B28="",D28=""),"",B28/D28) | I28: =IF(OR(B28="",C28="",E28=""),"",C28/(B28+E28)) -> 0.41961415 | J28: =IF(OR(B28="",C28="",E28=""),"",(2*C28-B28)/E28) -> 0.74315068 | K28: =IF(OR(B28="",C28="",E28=""),"",(C28-B28)/(E28-B28)) -> 0.18085106 | L28: =IF(OR(B28="",C28="",E28=""),"",C28/(E28-B28)) -> 1.6659574 | M28: =IF(OR(B28="",C28="",E28=""),"",(B28/E28)*((C28-B28)/B28)^0.143) -> 0.44222996 | N28: =IF(OR(C28="",E28=""),"",C28/E28) -> 0.67037671 | O28: =IF(OR(B28="",C28="",E28=""),"",C28/B28+B28/E28) -> 1.7193792 | P28: =IF(OR(B28="",C28="",E28=""),"",B28/C28-2*B28/(B28+E28)) -> 0.14331884 | T28: PASS
A29: =Master_Database!A29 -> MG-CZA-003 | B29: =Master_Database!F29 -> 717 | C29: =Master_Database!G29 -> 790 | D29: =Master_Database!H29 -> 0 | E29: =Master_Database!I29 -> 1185 | F29: =IF(OR(B29="",C29=""),"",C29-B29) -> 73 | G29: =IF(OR(B29="",E29=""),"",B29/E29) -> 0.60506329 | H29: =IF(OR(B29="",D29=""),"",B29/D29) | I29: =IF(OR(B29="",C29="",E29=""),"",C29/(B29+E29)) -> 0.41535226 | J29: =IF(OR(B29="",C29="",E29=""),"",(2*C29-B29)/E29) -> 0.72827004 | K29: =IF(OR(B29="",C29="",E29=""),"",(C29-B29)/(E29-B29)) -> 0.15598291 | L29: =IF(OR(B29="",C29="",E29=""),"",C29/(E29-B29)) -> 1.6880342 | M29: =IF(OR(B29="",C29="",E29=""),"",(B29/E29)*((C29-B29)/B29)^0.143) -> 0.43643215 | N29: =IF(OR(C29="",E29=""),"",C29/E29) -> 0.66666667 | O29: =IF(OR(B29="",C29="",E29=""),"",C29/B29+B29/E29) -> 1.7068764 | P29: =IF(OR(B29="",C29="",E29=""),"",B29/C29-2*B29/(B29+E29)) -> 0.15365172 | T29: PASS
A30: =Master_Database!A30 -> MG-CZA-004 | B30: =Master_Database!F30 -> 710 | C30: =Master_Database!G30 -> 793 | D30: =Master_Database!H30 -> 0 | E30: =Master_Database!I30 -> 1161 | F30: =IF(OR(B30="",C30=""),"",C30-B30) -> 83 | G30: =IF(OR(B30="",E30=""),"",B30/E30) -> 0.61154177 | H30: =IF(OR(B30="",D30=""),"",B30/D30) | I30: =IF(OR(B30="",C30="",E30=""),"",C30/(B30+E30)) -> 0.42383752 | J30: =IF(OR(B30="",C30="",E30=""),"",(2*C30-B30)/E30) -> 0.75452196 | K30: =IF(OR(B30="",C30="",E30=""),"",(C30-B30)/(E30-B30)) -> 0.18403548 | L30: =IF(OR(B30="",C30="",E30=""),"",C30/(E30-B30)) -> 1.7583149 | M30: =IF(OR(B30="",C30="",E30=""),"",(B30/E30)*((C30-B30)/B30)^0.143) -> 0.44990866 | N30: =IF(OR(C30="",E30=""),"",C30/E30) -> 0.68303187 | O30: =IF(OR(B30="",C30="",E30=""),"",C30/B30+B30/E30) -> 1.7284432 | P30: =IF(OR(B30="",C30="",E30=""),"",B30/C30-2*B30/(B30+E30)) -> 0.13638174 | T30: PASS
A31: =Master_Database!A31 -> MG-MIX-001 | B31: =Master_Database!F31 -> 700 | C31: =Master_Database!G31 -> 761 | D31: =Master_Database!H31 -> 0 | E31: =Master_Database!I31 -> 1152 | F31: =IF(OR(B31="",C31=""),"",C31-B31) -> 61 | G31: =IF(OR(B31="",E31=""),"",B31/E31) -> 0.60763889 | H31: =IF(OR(B31="",D31=""),"",B31/D31) | I31: =IF(OR(B31="",C31="",E31=""),"",C31/(B31+E31)) -> 0.41090713 | J31: =IF(OR(B31="",C31="",E31=""),"",(2*C31-B31)/E31) -> 0.71354167 | K31: =IF(OR(B31="",C31="",E31=""),"",(C31-B31)/(E31-B31)) -> 0.13495575 | L31: =IF(OR(B31="",C31="",E31=""),"",C31/(E31-B31)) -> 1.6836283 | M31: =IF(OR(B31="",C31="",E31=""),"",(B31/E31)*((C31-B31)/B31)^0.143) -> 0.42864593 | N31: =IF(OR(C31="",E31=""),"",C31/E31) -> 0.66059028 | O31: =IF(OR(B31="",C31="",E31=""),"",C31/B31+B31/E31) -> 1.6947817 | P31: =IF(OR(B31="",C31="",E31=""),"",B31/C31-2*B31/(B31+E31)) -> 0.16390279 | T31: PASS
A32: =Master_Database!A32 -> MG-MIX-002 | B32: =Master_Database!F32 -> 700 | C32: =Master_Database!G32 -> 763 | D32: =Master_Database!H32 -> 0 | E32: =Master_Database!I32 -> 1135 | F32: =IF(OR(B32="",C32=""),"",C32-B32) -> 63 | G32: =IF(OR(B32="",E32=""),"",B32/E32) -> 0.61674009 | H32: =IF(OR(B32="",D32=""),"",B32/D32) | I32: =IF(OR(B32="",C32="",E32=""),"",C32/(B32+E32)) -> 0.41580381 | J32: =IF(OR(B32="",C32="",E32=""),"",(2*C32-B32)/E32) -> 0.7277533 | K32: =IF(OR(B32="",C32="",E32=""),"",(C32-B32)/(E32-B32)) -> 0.14482759 | L32: =IF(OR(B32="",C32="",E32=""),"",C32/(E32-B32)) -> 1.754023 | M32: =IF(OR(B32="",C32="",E32=""),"",(B32/E32)*((C32-B32)/B32)^0.143) -> 0.43707791 | N32: =IF(OR(C32="",E32=""),"",C32/E32) -> 0.6722467 | O32: =IF(OR(B32="",C32="",E32=""),"",C32/B32+B32/E32) -> 1.7067401 | P32: =IF(OR(B32="",C32="",E32=""),"",B32/C32-2*B32/(B32+E32)) -> 0.15448841 | T32: PASS
A33: =Master_Database!A33 -> MG-MIX-003 | B33: =Master_Database!F33 -> 699 | C33: =Master_Database!G33 -> 769 | D33: =Master_Database!H33 -> 0 | E33: =Master_Database!I33 -> 1121 | F33: =IF(OR(B33="",C33=""),"",C33-B33) -> 70 | G33: =IF(OR(B33="",E33=""),"",B33/E33) -> 0.6235504 | H33: =IF(OR(B33="",D33=""),"",B33/D33) | I33: =IF(OR(B33="",C33="",E33=""),"",C33/(B33+E33)) -> 0.42252747 | J33: =IF(OR(B33="",C33="",E33=""),"",(2*C33-B33)/E33) -> 0.74843889 | K33: =IF(OR(B33="",C33="",E33=""),"",(C33-B33)/(E33-B33)) -> 0.16587678 | L33: =IF(OR(B33="",C33="",E33=""),"",C33/(E33-B33)) -> 1.8222749 | M33: =IF(OR(B33="",C33="",E33=""),"",(B33/E33)*((C33-B33)/B33)^0.143) -> 0.44870442 | N33: =IF(OR(C33="",E33=""),"",C33/E33) -> 0.68599465 | O33: =IF(OR(B33="",C33="",E33=""),"",C33/B33+B33/E33) -> 1.7236935 | P33: =IF(OR(B33="",C33="",E33=""),"",B33/C33-2*B33/(B33+E33)) -> 0.14084082 | T33: PASS
A34: =Master_Database!A34 -> MG-MIX-004 | B34: =Master_Database!F34 -> 698 | C34: =Master_Database!G34 -> 765 | D34: =Master_Database!H34 -> 0 | E34: =Master_Database!I34 -> 1125 | F34: =IF(OR(B34="",C34=""),"",C34-B34) -> 67 | G34: =IF(OR(B34="",E34=""),"",B34/E34) -> 0.62044444 | H34: =IF(OR(B34="",D34=""),"",B34/D34) | I34: =IF(OR(B34="",C34="",E34=""),"",C34/(B34+E34)) -> 0.41963796 | J34: =IF(OR(B34="",C34="",E34=""),"",(2*C34-B34)/E34) -> 0.73955556 | K34: =IF(OR(B34="",C34="",E34=""),"",(C34-B34)/(E34-B34)) -> 0.15690867 | L34: =IF(OR(B34="",C34="",E34=""),"",C34/(E34-B34)) -> 1.7915691 | M34: =IF(OR(B34="",C34="",E34=""),"",(B34/E34)*((C34-B34)/B34)^0.143) -> 0.44377238 | N34: =IF(OR(C34="",E34=""),"",C34/E34) -> 0.68 | O34: =IF(OR(B34="",C34="",E34=""),"",C34/B34+B34/E34) -> 1.716433 | P34: =IF(OR(B34="",C34="",E34=""),"",B34/C34-2*B34/(B34+E34)) -> 0.14664759 | T34: PASS
A35: =Master_Database!A35 -> MG-MIX-005 | B35: =Master_Database!F35 -> 690 | C35: =Master_Database!G35 -> 791 | D35: =Master_Database!H35 -> 0 | E35: =Master_Database!I35 -> 1143 | F35: =IF(OR(B35="",C35=""),"",C35-B35) -> 101 | G35: =IF(OR(B35="",E35=""),"",B35/E35) -> 0.60367454 | H35: =IF(OR(B35="",D35=""),"",B35/D35) | I35: =IF(OR(B35="",C35="",E35=""),"",C35/(B35+E35)) -> 0.43153301 | J35: =IF(OR(B35="",C35="",E35=""),"",(2*C35-B35)/E35) -> 0.78040245 | K35: =IF(OR(B35="",C35="",E35=""),"",(C35-B35)/(E35-B35)) -> 0.22295806 | L35: =IF(OR(B35="",C35="",E35=""),"",C35/(E35-B35)) -> 1.7461369 | M35: =IF(OR(B35="",C35="",E35=""),"",(B35/E35)*((C35-B35)/B35)^0.143) -> 0.4586331 | N35: =IF(OR(C35="",E35=""),"",C35/E35) -> 0.6920385 | O35: =IF(OR(B35="",C35="",E35=""),"",C35/B35+B35/E35) -> 1.7500514 | P35: =IF(OR(B35="",C35="",E35=""),"",B35/C35-2*B35/(B35+E35)) -> 0.11944937 | T35: PASS
A36: =Master_Database!A36 -> MG-MIX-006 | B36: =Master_Database!F36 -> 699 | C36: =Master_Database!G36 -> 794 | D36: =Master_Database!H36 -> 0 | E36: =Master_Database!I36 -> 1140 | F36: =IF(OR(B36="",C36=""),"",C36-B36) -> 95 | G36: =IF(OR(B36="",E36=""),"",B36/E36) -> 0.61315789 | H36: =IF(OR(B36="",D36=""),"",B36/D36) | I36: =IF(OR(B36="",C36="",E36=""),"",C36/(B36+E36)) -> 0.43175639 | J36: =IF(OR(B36="",C36="",E36=""),"",(2*C36-B36)/E36) -> 0.77982456 | K36: =IF(OR(B36="",C36="",E36=""),"",(C36-B36)/(E36-B36)) -> 0.2154195 | L36: =IF(OR(B36="",C36="",E36=""),"",C36/(E36-B36)) -> 1.8004535 | M36: =IF(OR(B36="",C36="",E36=""),"",(B36/E36)*((C36-B36)/B36)^0.143) -> 0.46092107 | N36: =IF(OR(C36="",E36=""),"",C36/E36) -> 0.69649123 | O36: =IF(OR(B36="",C36="",E36=""),"",C36/B36+B36/E36) -> 1.7490663 | P36: =IF(OR(B36="",C36="",E36=""),"",B36/C36-2*B36/(B36+E36)) -> 0.12015689 | T36: PASS
A37: =Master_Database!A37 -> MG-MIX-007 | B37: =Master_Database!F37 -> 668 | C37: =Master_Database!G37 -> 719 | D37: =Master_Database!H37 -> 0 | E37: =Master_Database!I37 -> 1192 | F37: =IF(OR(B37="",C37=""),"",C37-B37) -> 51 | G37: =IF(OR(B37="",E37=""),"",B37/E37) -> 0.56040268 | H37: =IF(OR(B37="",D37=""),"",B37/D37) | I37: =IF(OR(B37="",C37="",E37=""),"",C37/(B37+E37)) -> 0.38655914 | J37: =IF(OR(B37="",C37="",E37=""),"",(2*C37-B37)/E37) -> 0.64597315 | K37: =IF(OR(B37="",C37="",E37=""),"",(C37-B37)/(E37-B37)) -> 0.097328244 | L37: =IF(OR(B37="",C37="",E37=""),"",C37/(E37-B37)) -> 1.3721374 | M37: =IF(OR(B37="",C37="",E37=""),"",(B37/E37)*((C37-B37)/B37)^0.143) -> 0.3879178 | N37: =IF(OR(C37="",E37=""),"",C37/E37) -> 0.60318792 | O37: =IF(OR(B37="",C37="",E37=""),"",C37/B37+B37/E37) -> 1.63675 | P37: =IF(OR(B37="",C37="",E37=""),"",B37/C37-2*B37/(B37+E37)) -> 0.21078858 | T37: PASS
A38: =Master_Database!A38 -> MG-MIX-008 | B38: =Master_Database!F38 -> 669 | C38: =Master_Database!G38 -> 728 | D38: =Master_Database!H38 -> 0 | E38: =Master_Database!I38 -> 1188 | F38: =IF(OR(B38="",C38=""),"",C38-B38) -> 59 | G38: =IF(OR(B38="",E38=""),"",B38/E38) -> 0.56313131 | H38: =IF(OR(B38="",D38=""),"",B38/D38) | I38: =IF(OR(B38="",C38="",E38=""),"",C38/(B38+E38)) -> 0.39203016 | J38: =IF(OR(B38="",C38="",E38=""),"",(2*C38-B38)/E38) -> 0.66245791 | K38: =IF(OR(B38="",C38="",E38=""),"",(C38-B38)/(E38-B38)) -> 0.11368015 | L38: =IF(OR(B38="",C38="",E38=""),"",C38/(E38-B38)) -> 1.4026975 | M38: =IF(OR(B38="",C38="",E38=""),"",(B38/E38)*((C38-B38)/B38)^0.143) -> 0.39792899 | N38: =IF(OR(C38="",E38=""),"",C38/E38) -> 0.61279461 | O38: =IF(OR(B38="",C38="",E38=""),"",C38/B38+B38/E38) -> 1.6513226 | P38: =IF(OR(B38="",C38="",E38=""),"",B38/C38-2*B38/(B38+E38)) -> 0.19843908 | T38: PASS
... A53: =Master_Database!A53 -> MG-MIX-023 | B53: =Master_Database!F53 -> 450 | C53: =Master_Database!G53 -> 470 | D53: =Master_Database!H53 -> 0 | E53: =Master_Database!I53 -> 790 | F53: =IF(OR(B53="",C53=""),"",C53-B53) -> 20 | G53: =IF(OR(B53="",E53=""),"",B53/E53) -> 0.56962025 | H53: =IF(OR(B53="",D53=""),"",B53/D53) | I53: =IF(OR(B53="",C53="",E53=""),"",C53/(B53+E53)) -> 0.37903226 | J53: =IF(OR(B53="",C53="",E53=""),"",(2*C53-B53)/E53) -> 0.62025316 | K53: =IF(OR(B53="",C53="",E53=""),"",(C53-B53)/(E53-B53)) -> 0.058823529 | L53: =IF(OR(B53="",C53="",E53=""),"",C53/(E53-B53)) -> 1.3823529 | M53: =IF(OR(B53="",C53="",E53=""),"",(B53/E53)*((C53-B53)/B53)^0.143) -> 0.36494156 | N53: =IF(OR(C53="",E53=""),"",C53/E53) -> 0.59493671 | O53: =IF(OR(B53="",C53="",E53=""),"",C53/B53+B53/E53) -> 1.6140647 | P53: =IF(OR(B53="",C53="",E53=""),"",B53/C53-2*B53/(B53+E53)) -> 0.23164036 | T53: PASS
A54: =Master_Database!A54 -> MG-LONG-001 | B54: =Master_Database!F54 -> 709 | C54: =Master_Database!G54 -> 762 | D54: =Master_Database!H54 -> 0 | E54: =Master_Database!I54 -> 1199 | F54: =IF(OR(B54="",C54=""),"",C54-B54) -> 53 | G54: =IF(OR(B54="",E54=""),"",B54/E54) -> 0.59132611 | H54: =IF(OR(B54="",D54=""),"",B54/D54) | I54: =IF(OR(B54="",C54="",E54=""),"",C54/(B54+E54)) -> 0.39937107 | J54: =IF(OR(B54="",C54="",E54=""),"",(2*C54-B54)/E54) -> 0.67973311 | K54: =IF(OR(B54="",C54="",E54=""),"",(C54-B54)/(E54-B54)) -> 0.10816327 | L54: =IF(OR(B54="",C54="",E54=""),"",C54/(E54-B54)) -> 1.555102 | M54: =IF(OR(B54="",C54="",E54=""),"",(B54/E54)*((C54-B54)/B54)^0.143) -> 0.40809013 | N54: =IF(OR(C54="",E54=""),"",C54/E54) -> 0.63552961 | O54: =IF(OR(B54="",C54="",E54=""),"",C54/B54+B54/E54) -> 1.6660793 | P54: =IF(OR(B54="",C54="",E54=""),"",B54/C54-2*B54/(B54+E54)) -> 0.18725961 | Q54: 53 | R54: 0.59133 | S54: 0.39937 | T54: PASS; source γm=0.67973; ΔTrg=0.10816; δ=1.5551; φ=0.40809; α=0.63553; β=1.6661; βI=2.829; 1/ω=5.3402
A55: =Master_Database!A55 -> MG-LONG-002 | B55: =Master_Database!F55 -> 745 | C55: =Master_Database!G55 -> 785 | D55: =Master_Database!H55 -> 0 | E55: =Master_Database!I55 -> 1241 | F55: =IF(OR(B55="",C55=""),"",C55-B55) -> 40 | G55: =IF(OR(B55="",E55=""),"",B55/E55) -> 0.60032232 | H55: =IF(OR(B55="",D55=""),"",B55/D55) | I55: =IF(OR(B55="",C55="",E55=""),"",C55/(B55+E55)) -> 0.39526687 | J55: =IF(OR(B55="",C55="",E55=""),"",(2*C55-B55)/E55) -> 0.66478646 | K55: =IF(OR(B55="",C55="",E55=""),"",(C55-B55)/(E55-B55)) -> 0.080645161 | L55: =IF(OR(B55="",C55="",E55=""),"",C55/(E55-B55)) -> 1.5826613 | M55: =IF(OR(B55="",C55="",E55=""),"",(B55/E55)*((C55-B55)/B55)^0.143) -> 0.39514885 | N55: =IF(OR(C55="",E55=""),"",C55/E55) -> 0.63255439 | O55: =IF(OR(B55="",C55="",E55=""),"",C55/B55+B55/E55) -> 1.6540136 | P55: =IF(OR(B55="",C55="",E55=""),"",B55/C55-2*B55/(B55+E55)) -> 0.19879282 | Q55: 40 | R55: 0.60032 | S55: 0.39527 | T55: PASS; source γm=0.66479; ΔTrg=0.08065; δ=1.5827; φ=0.39515; α=0.63255; β=1.654; βI=2.8125; 1/ω=5.0304
A56: =Master_Database!A56 -> MG-LONG-003 | B56: =Master_Database!F56 -> 744 | C56: =Master_Database!G56 -> 777 | D56: =Master_Database!H56 -> 0 | E56: =Master_Database!I56 -> 1218 | F56: =IF(OR(B56="",C56=""),"",C56-B56) -> 33 | G56: =IF(OR(B56="",E56=""),"",B56/E56) -> 0.61083744 | H56: =IF(OR(B56="",D56=""),"",B56/D56) | I56: =IF(OR(B56="",C56="",E56=""),"",C56/(B56+E56)) -> 0.39602446 | J56: =IF(OR(B56="",C56="",E56=""),"",(2*C56-B56)/E56) -> 0.66502463 | K56: =IF(OR(B56="",C56="",E56=""),"",(C56-B56)/(E56-B56)) -> 0.069620253 | L56: =IF(OR(B56="",C56="",E56=""),"",C56/(E56-B56)) -> 1.6392405 | M56: =IF(OR(B56="",C56="",E56=""),"",(B56/E56)*((C56-B56)/B56)^0.143) -> 0.39123546 | N56: =IF(OR(C56="",E56=""),"",C56/E56) -> 0.63793103 | O56: =IF(OR(B56="",C56="",E56=""),"",C56/B56+B56/E56) -> 1.6551923 | P56: =IF(OR(B56="",C56="",E56=""),"",B56/C56-2*B56/(B56+E56)) -> 0.19911917 | Q56: 33 | R56: 0.61084 | S56: 0.39602 | T56: PASS; source γm=0.66502; ΔTrg=0.06962; δ=1.6392; φ=0.39124; α=0.63793; β=1.6552; βI=2.9725; 1/ω=5.0221
A57: =Master_Database!A57 -> MG-LONG-004 | B57: =Master_Database!F57 -> 736 | C57: =Master_Database!G57 -> 779 | D57: =Master_Database!H57 -> 0 | E57: =Master_Database!I57 -> 1193 | F57: =IF(OR(B57="",C57=""),"",C57-B57) -> 43 | G57: =IF(OR(B57="",E57=""),"",B57/E57) -> 0.6169321 | H57: =IF(OR(B57="",D57=""),"",B57/D57) | I57: =IF(OR(B57="",C57="",E57=""),"",C57/(B57+E57)) -> 0.40383618 | J57: =IF(OR(B57="",C57="",E57=""),"",(2*C57-B57)/E57) -> 0.68901928 | K57: =IF(OR(B57="",C57="",E57=""),"",(C57-B57)/(E57-B57)) -> 0.094091904 | L57: =IF(OR(B57="",C57="",E57=""),"",C57/(E57-B57)) -> 1.7045952 | M57: =IF(OR(B57="",C57="",E57=""),"",(B57/E57)*((C57-B57)/B57)^0.143) -> 0.41101704 | N57: =IF(OR(C57="",E57=""),"",C57/E57) -> 0.65297569 | O57: =IF(OR(B57="",C57="",E57=""),"",C57/B57+B57/E57) -> 1.675356 | P57: =IF(OR(B57="",C57="",E57=""),"",B57/C57-2*B57/(B57+E57)) -> 0.18171134 | Q57: 43 | R57: 0.61693 | S57: 0.40384 | T57: PASS; source γm=0.68902; ΔTrg=0.09409; δ=1.7046; φ=0.41102; α=0.65298; β=1.6754; βI=3.3451; 1/ω=5.5032
A58: =Master_Database!A58 -> MG-LONG-005 | B58: =Master_Database!F58 -> 733 | C58: =Master_Database!G58 -> 777 | D58: =Master_Database!H58 -> 0 | E58: =Master_Database!I58 -> 1187 | F58: =IF(OR(B58="",C58=""),"",C58-B58) -> 44 | G58: =IF(OR(B58="",E58=""),"",B58/E58) -> 0.61752317 | H58: =IF(OR(B58="",D58=""),"",B58/D58) | I58: =IF(OR(B58="",C58="",E58=""),"",C58/(B58+E58)) -> 0.4046875 | J58: =IF(OR(B58="",C58="",E58=""),"",(2*C58-B58)/E58) -> 0.69165965 | K58: =IF(OR(B58="",C58="",E58=""),"",(C58-B58)/(E58-B58)) -> 0.0969163 | L58: =IF(OR(B58="",C58="",E58=""),"",C58/(E58-B58)) -> 1.7114537 | M58: =IF(OR(B58="",C58="",E58=""),"",(B58/E58)*((C58-B58)/B58)^0.143) -> 0.41300672 | N58: =IF(OR(C58="",E58=""),"",C58/E58) -> 0.65459141 | O58: =IF(OR(B58="",C58="",E58=""),"",C58/B58+B58/E58) -> 1.6775505 | P58: =IF(OR(B58="",C58="",E58=""),"",B58/C58-2*B58/(B58+E58)) -> 0.17983028 | Q58: 44 | R58: 0.61752 | S58: 0.40469 | T58: PASS; source γm=0.69166; ΔTrg=0.09692; δ=1.7115; φ=0.41301; α=0.65459; β=1.6776; βI=3.3881; 1/ω=5.5608
A59: =Master_Database!A59 -> MG-LONG-006 | B59: =Master_Database!F59 -> 696 | C59: =Master_Database!G59 -> 746 | D59: =Master_Database!H59 -> 0 | E59: =Master_Database!I59 -> 1201 | F59: =IF(OR(B59="",C59=""),"",C59-B59) -> 50 | G59: =IF(OR(B59="",E59=""),"",B59/E59) -> 0.57951707 | H59: =IF(OR(B59="",D59=""),"",B59/D59) | I59: =IF(OR(B59="",C59="",E59=""),"",C59/(B59+E59)) -> 0.3932525 | J59: =IF(OR(B59="",C59="",E59=""),"",(2*C59-B59)/E59) -> 0.66278102 | K59: =IF(OR(B59="",C59="",E59=""),"",(C59-B59)/(E59-B59)) -> 0.099009901 | L59: =IF(OR(B59="",C59="",E59=""),"",C59/(E59-B59)) -> 1.4772277 | M59: =IF(OR(B59="",C59="",E59=""),"",(B59/E59)*((C59-B59)/B59)^0.143) -> 0.39767274 | N59: =IF(OR(C59="",E59=""),"",C59/E59) -> 0.62114904 | O59: =IF(OR(B59="",C59="",E59=""),"",C59/B59+B59/E59) -> 1.6513561 | P59: =IF(OR(B59="",C59="",E59=""),"",B59/C59-2*B59/(B59+E59)) -> 0.19918568 | Q59: 50 | R59: 0.57952 | S59: 0.39325 | T59: PASS; source γm=0.66278; ΔTrg=0.09901; δ=1.4772; φ=0.39767; α=0.62115; β=1.6514; βI=2.508; 1/ω=5.0204
A60: =Master_Database!A60 -> MG-LONG-007 | B60: =Master_Database!F60 -> 705 | C60: =Master_Database!G60 -> 781 | D60: =Master_Database!H60 -> 0 | E60: =Master_Database!I60 -> 1163 | F60: =IF(OR(B60="",C60=""),"",C60-B60) -> 76 | G60: =IF(OR(B60="",E60=""),"",B60/E60) -> 0.60619089 | H60: =IF(OR(B60="",D60=""),"",B60/D60) | I60: =IF(OR(B60="",C60="",E60=""),"",C60/(B60+E60)) -> 0.41809422 | J60: =IF(OR(B60="",C60="",E60=""),"",(2*C60-B60)/E60) -> 0.73688736 | K60: =IF(OR(B60="",C60="",E60=""),"",(C60-B60)/(E60-B60)) -> 0.16593886 | L60: =IF(OR(B60="",C60="",E60=""),"",C60/(E60-B60)) -> 1.7052402 | M60: =IF(OR(B60="",C60="",E60=""),"",(B60/E60)*((C60-B60)/B60)^0.143) -> 0.44083361 | N60: =IF(OR(C60="",E60=""),"",C60/E60) -> 0.67153912 | O60: =IF(OR(B60="",C60="",E60=""),"",C60/B60+B60/E60) -> 1.7139923 | P60: =IF(OR(B60="",C60="",E60=""),"",B60/C60-2*B60/(B60+E60)) -> 0.14787087 | Q60: 76 | R60: 0.60619 | S60: 0.41809 | T60: PASS; source γm=0.73689; ΔTrg=0.16594; δ=1.7052; φ=0.44083; α=0.67154; β=1.714; βI=3.7732; 1/ω=6.7627
A61: =Master_Database!A61 -> MG-LONG-008 | B61: =Master_Database!F61 -> 665 | C61: =Master_Database!G61 -> 743 | D61: =Master_Database!H61 -> 0 | E61: =Master_Database!I61 -> 1118 | F61: =IF(OR(B61="",C61=""),"",C61-B61) -> 78 | G61: =IF(OR(B61="",E61=""),"",B61/E61) -> 0.59481216 | H61: =IF(OR(B61="",D61=""),"",B61/D61) | I61: =IF(OR(B61="",C61="",E61=""),"",C61/(B61+E61)) -> 0.4167134 | J61: =IF(OR(B61="",C61="",E61=""),"",(2*C61-B61)/E61) -> 0.73434705 | K61: =IF(OR(B61="",C61="",E61=""),"",(C61-B61)/(E61-B61)) -> 0.17218543 | L61: =IF(OR(B61="",C61="",E61=""),"",C61/(E61-B61)) -> 1.6401766 | M61: =IF(OR(B61="",C61="",E61=""),"",(B61/E61)*((C61-B61)/B61)^0.143) -> 0.4378102 | N61: =IF(OR(C61="",E61=""),"",C61/E61) -> 0.66457961 | O61: =IF(OR(B61="",C61="",E61=""),"",C61/B61+B61/E61) -> 1.7121054 | P61: =IF(OR(B61="",C61="",E61=""),"",B61/C61-2*B61/(B61+E61)) -> 0.14908637 | Q61: 78 | R61: 0.59481 | S61: 0.41671 | T61: PASS; source γm=0.73435; ΔTrg=0.17219; δ=1.6402; φ=0.43781; α=0.66458; β=1.7121; βI=3.5136; 1/ω=6.7075
A62: =Master_Database!A62 -> MG-LONG-009 | B62: =Master_Database!F62 -> 693 | C62: =Master_Database!G62 -> 770 | D62: =Master_Database!H62 -> 0 | E62: =Master_Database!I62 -> 1143 | F62: =IF(OR(B62="",C62=""),"",C62-B62) -> 77 | G62: =IF(OR(B62="",E62=""),"",B62/E62) -> 0.60629921 | H62: =IF(OR(B62="",D62=""),"",B62/D62) | I62: =IF(OR(B62="",C62="",E62=""),"",C62/(B62+E62)) -> 0.41938998 | J62: =IF(OR(B62="",C62="",E62=""),"",(2*C62-B62)/E62) -> 0.74103237 | K62: =IF(OR(B62="",C62="",E62=""),"",(C62-B62)/(E62-B62)) -> 0.17111111 | L62: =IF(OR(B62="",C62="",E62=""),"",C62/(E62-B62)) -> 1.7111111 | M62: =IF(OR(B62="",C62="",E62=""),"",(B62/E62)*((C62-B62)/B62)^0.143) -> 0.44282316 | N62: =IF(OR(C62="",E62=""),"",C62/E62) -> 0.67366579 | O62: =IF(OR(B62="",C62="",E62=""),"",C62/B62+B62/E62) -> 1.7174103 | P62: =IF(OR(B62="",C62="",E62=""),"",B62/C62-2*B62/(B62+E62)) -> 0.14509804 | Q62: 77 | R62: 0.6063 | S62: 0.41939 | T62: PASS; source γm=0.74103; ΔTrg=0.17111; δ=1.7111; φ=0.44282; α=0.67367; β=1.7174; βI=3.8354; 1/ω=6.8919
A63: =Master_Database!A63 -> MG-LONG-010 | B63: =Master_Database!F63 -> 672 | C63: =Master_Database!G63 -> 772 | D63: =Master_Database!H63 -> 0 | E63: =Master_Database!I63 -> 1113 | F63: =IF(OR(B63="",C63=""),"",C63-B63) -> 100 | G63: =IF(OR(B63="",E63=""),"",B63/E63) -> 0.60377358 | H63: =IF(OR(B63="",D63=""),"",B63/D63) | I63: =IF(OR(B63="",C63="",E63=""),"",C63/(B63+E63)) -> 0.432493 | J63: =IF(OR(B63="",C63="",E63=""),"",(2*C63-B63)/E63) -> 0.7834681 | K63: =IF(OR(B63="",C63="",E63=""),"",(C63-B63)/(E63-B63)) -> 0.22675737 | L63: =IF(OR(B63="",C63="",E63=""),"",C63/(E63-B63)) -> 1.7505669 | M63: =IF(OR(B63="",C63="",E63=""),"",(B63/E63)*((C63-B63)/B63)^0.143) -> 0.45979083 | N63: =IF(OR(C63="",E63=""),"",C63/E63) -> 0.69362084 | O63: =IF(OR(B63="",C63="",E63=""),"",C63/B63+B63/E63) -> 1.7525831 | P63: =IF(OR(B63="",C63="",E63=""),"",B63/C63-2*B63/(B63+E63)) -> 0.11752514 | Q63: 100 | R63: 0.60377 | S63: 0.43249 | T63: PASS; source γm=0.78347; ΔTrg=0.22676; δ=1.7506; φ=0.45979; α=0.69362; β=1.7526; βI=4.4615; 1/ω=8.5088
A64: =Master_Database!A64 -> MG-LONG-011 | B64: =Master_Database!F64 -> 380 | C64: =Master_Database!G64 -> 400 | D64: =Master_Database!H64 -> 0 | E64: =Master_Database!I64 -> 666 | F64: =IF(OR(B64="",C64=""),"",C64-B64) -> 20 | G64: =IF(OR(B64="",E64=""),"",B64/E64) -> 0.57057057 | H64: =IF(OR(B64="",D64=""),"",B64/D64) | I64: =IF(OR(B64="",C64="",E64=""),"",C64/(B64+E64)) -> 0.38240918 | J64: =IF(OR(B64="",C64="",E64=""),"",(2*C64-B64)/E64) -> 0.63063063 | K64: =IF(OR(B64="",C64="",E64=""),"",(C64-B64)/(E64-B64)) -> 0.06993007 | L64: =IF(OR(B64="",C64="",E64=""),"",C64/(E64-B64)) -> 1.3986014 | M64: =IF(OR(B64="",C64="",E64=""),"",(B64/E64)*((C64-B64)/B64)^0.143) -> 0.37449636 | N64: =IF(OR(C64="",E64=""),"",C64/E64) -> 0.6006006 | O64: =IF(OR(B64="",C64="",E64=""),"",C64/B64+B64/E64) -> 1.6232021 | P64: =IF(OR(B64="",C64="",E64=""),"",B64/C64-2*B64/(B64+E64)) -> 0.22342256 | Q64: 20 | R64: 0.57057 | S64: 0.38241 | T64: PASS; source γm=0.63063; ΔTrg=0.06993; δ=1.3986; φ=0.3745; α=0.6006; β=1.6232; βI=2.1482; 1/ω=4.4758
A65: =Master_Database!A65 -> MG-LONG-012 | B65: =Master_Database!F65 -> 375 | C65: =Master_Database!G65 -> 412 | D65: =Master_Database!H65 -> 0 | E65: =Master_Database!I65 -> 640 | F65: =IF(OR(B65="",C65=""),"",C65-B65) -> 37 | G65: =IF(OR(B65="",E65=""),"",B65/E65) -> 0.5859375 | H65: =IF(OR(B65="",D65=""),"",B65/D65) | I65: =IF(OR(B65="",C65="",E65=""),"",C65/(B65+E65)) -> 0.40591133 | J65: =IF(OR(B65="",C65="",E65=""),"",(2*C65-B65)/E65) -> 0.7015625 | K65: =IF(OR(B65="",C65="",E65=""),"",(C65-B65)/(E65-B65)) -> 0.13962264 | L65: =IF(OR(B65="",C65="",E65=""),"",C65/(E65-B65)) -> 1.554717 | M65: =IF(OR(B65="",C65="",E65=""),"",(B65/E65)*((C65-B65)/B65)^0.143) -> 0.42074375 | N65: =IF(OR(C65="",E65=""),"",C65/E65) -> 0.64375 | O65: =IF(OR(B65="",C65="",E65=""),"",C65/B65+B65/E65) -> 1.6846042 | P65: =IF(OR(B65="",C65="",E65=""),"",B65/C65-2*B65/(B65+E65)) -> 0.17127792 | T65: PASS
A66: =Master_Database!A66 -> MG-LONG-013 | B66: =Master_Database!F66 -> 387 | C66: =Master_Database!G66 -> 405 | D66: =Master_Database!H66 -> 0 | E66: =Master_Database!I66 -> 759 | F66: =IF(OR(B66="",C66=""),"",C66-B66) -> 18 | G66: =IF(OR(B66="",E66=""),"",B66/E66) -> 0.50988142 | H66: =IF(OR(B66="",D66=""),"",B66/D66) | I66: =IF(OR(B66="",C66="",E66=""),"",C66/(B66+E66)) -> 0.35340314 | J66: =IF(OR(B66="",C66="",E66=""),"",(2*C66-B66)/E66) -> 0.55731225 | K66: =IF(OR(B66="",C66="",E66=""),"",(C66-B66)/(E66-B66)) -> 0.048387097 | L66: =IF(OR(B66="",C66="",E66=""),"",C66/(E66-B66)) -> 1.0887097 | M66: =IF(OR(B66="",C66="",E66=""),"",(B66/E66)*((C66-B66)/B66)^0.143) -> 0.328799 | N66: =IF(OR(C66="",E66=""),"",C66/E66) -> 0.53359684 | O66: =IF(OR(B66="",C66="",E66=""),"",C66/B66+B66/E66) -> 1.5563931 | P66: =IF(OR(B66="",C66="",E66=""),"",B66/C66-2*B66/(B66+E66)) -> 0.28016289 | T66: PASS
A67: =Master_Database!A67 -> MG-LONG-014 | B67: =Master_Database!F67 -> 380 | C67: =Master_Database!G67 -> 405 | D67: =Master_Database!H67 -> 0 | E67: =Master_Database!I67 -> 668 | F67: =IF(OR(B67="",C67=""),"",C67-B67) -> 25 | G67: =IF(OR(B67="",E67=""),"",B67/E67) -> 0.56886228 | H67: =IF(OR(B67="",D67=""),"",B67/D67) | I67: =IF(OR(B67="",C67="",E67=""),"",C67/(B67+E67)) -> 0.38645038 | J67: =IF(OR(B67="",C67="",E67=""),"",(2*C67-B67)/E67) -> 0.64371257 | K67: =IF(OR(B67="",C67="",E67=""),"",(C67-B67)/(E67-B67)) -> 0.086805556 | L67: =IF(OR(B67="",C67="",E67=""),"",C67/(E67-B67)) -> 1.40625 | M67: =IF(OR(B67="",C67="",E67=""),"",(B67/E67)*((C67-B67)/B67)^0.143) -> 0.38548147 | N67: =IF(OR(C67="",E67=""),"",C67/E67) -> 0.60628743 | O67: =IF(OR(B67="",C67="",E67=""),"",C67/B67+B67/E67) -> 1.6346517 | P67: =IF(OR(B67="",C67="",E67=""),"",B67/C67-2*B67/(B67+E67)) -> 0.21308077 | T67: PASS
A68: =Master_Database!A68 -> MG-LONG-015 | B68: =Master_Database!F68 -> 377 | C68: =Master_Database!G68 -> 410 | D68: =Master_Database!H68 -> 0 | E68: =Master_Database!I68 -> 630 | F68: =IF(OR(B68="",C68=""),"",C68-B68) -> 33 | G68: =IF(OR(B68="",E68=""),"",B68/E68) -> 0.5984127 | H68: =IF(OR(B68="",D68=""),"",B68/D68) | I68: =IF(OR(B68="",C68="",E68=""),"",C68/(B68+E68)) -> 0.40714995 | J68: =IF(OR(B68="",C68="",E68=""),"",(2*C68-B68)/E68) -> 0.7031746 | K68: =IF(OR(B68="",C68="",E68=""),"",(C68-B68)/(E68-B68)) -> 0.13043478 | L68: =IF(OR(B68="",C68="",E68=""),"",C68/(E68-B68)) -> 1.6205534 | M68: =IF(OR(B68="",C68="",E68=""),"",(B68/E68)*((C68-B68)/B68)^0.143) -> 0.42240736 | N68: =IF(OR(C68="",E68=""),"",C68/E68) -> 0.65079365 | O68: =IF(OR(B68="",C68="",E68=""),"",C68/B68+B68/E68) -> 1.6859459 | P68: =IF(OR(B68="",C68="",E68=""),"",B68/C68-2*B68/(B68+E68)) -> 0.17075351 | T68: PASS
A69: =Master_Database!A69 -> MG-LONG-016 | B69: =Master_Database!F69 -> 377 | C69: =Master_Database!G69 -> 412 | D69: =Master_Database!H69 -> 0 | E69: =Master_Database!I69 -> 659 | F69: =IF(OR(B69="",C69=""),"",C69-B69) -> 35 | G69: =IF(OR(B69="",E69=""),"",B69/E69) -> 0.57207891 | H69: =IF(OR(B69="",D69=""),"",B69/D69) | I69: =IF(OR(B69="",C69="",E69=""),"",C69/(B69+E69)) -> 0.3976834 | J69: =IF(OR(B69="",C69="",E69=""),"",(2*C69-B69)/E69) -> 0.67830046 | K69: =IF(OR(B69="",C69="",E69=""),"",(C69-B69)/(E69-B69)) -> 0.12411348 | L69: =IF(OR(B69="",C69="",E69=""),"",C69/(E69-B69)) -> 1.4609929 | M69: =IF(OR(B69="",C69="",E69=""),"",(B69/E69)*((C69-B69)/B69)^0.143) -> 0.40723102 | N69: =IF(OR(C69="",E69=""),"",C69/E69) -> 0.62518968 | O69: =IF(OR(B69="",C69="",E69=""),"",C69/B69+B69/E69) -> 1.6649171 | P69: =IF(OR(B69="",C69="",E69=""),"",B69/C69-2*B69/(B69+E69)) -> 0.18724932 | T69: PASS
A70: =Master_Database!A70 -> MG-LONG-017 | B70: =Master_Database!F70 -> 371 | C70: =Master_Database!G70 -> 397 | D70: =Master_Database!H70 -> 0 | E70: =Master_Database!I70 -> 688 | F70: =IF(OR(B70="",C70=""),"",C70-B70) -> 26 | G70: =IF(OR(B70="",E70=""),"",B70/E70) -> 0.53924419 | H70: =IF(OR(B70="",D70=""),"",B70/D70) | I70: =IF(OR(B70="",C70="",E70=""),"",C70/(B70+E70)) -> 0.37488196 | J70: =IF(OR(B70="",C70="",E70=""),"",(2*C70-B70)/E70) -> 0.61482558 | K70: =IF(OR(B70="",C70="",E70=""),"",(C70-B70)/(E70-B70)) -> 0.082018927 | L70: =IF(OR(B70="",C70="",E70=""),"",C70/(E70-B70)) -> 1.2523659 | M70: =IF(OR(B70="",C70="",E70=""),"",(B70/E70)*((C70-B70)/B70)^0.143) -> 0.36872806 | N70: =IF(OR(C70="",E70=""),"",C70/E70) -> 0.57703488 | O70: =IF(OR(B70="",C70="",E70=""),"",C70/B70+B70/E70) -> 1.609325 | P70: =IF(OR(B70="",C70="",E70=""),"",B70/C70-2*B70/(B70+E70)) -> 0.23384782 | T70: PASS
A71: =Master_Database!A71 -> MG-LONG-018 | B71: =Master_Database!F71 -> 367 | C71: =Master_Database!G71 -> 399 | D71: =Master_Database!H71 -> 0 | E71: =Master_Database!I71 -> 657 | F71: =IF(OR(B71="",C71=""),"",C71-B71) -> 32 | G71: =IF(OR(B71="",E71=""),"",B71/E71) -> 0.5585997 | H71: =IF(OR(B71="",D71=""),"",B71/D71) | I71: =IF(OR(B71="",C71="",E71=""),"",C71/(B71+E71)) -> 0.38964844 | J71: =IF(OR(B71="",C71="",E71=""),"",(2*C71-B71)/E71) -> 0.65601218 | K71: =IF(OR(B71="",C71="",E71=""),"",(C71-B71)/(E71-B71)) -> 0.11034483 | L71: =IF(OR(B71="",C71="",E71=""),"",C71/(E71-B71)) -> 1.3758621 | M71: =IF(OR(B71="",C71="",E71=""),"",(B71/E71)*((C71-B71)/B71)^0.143) -> 0.39408499 | N71: =IF(OR(C71="",E71=""),"",C71/E71) -> 0.60730594 | O71: =IF(OR(B71="",C71="",E71=""),"",C71/B71+B71/E71) -> 1.6457932 | P71: =IF(OR(B71="",C71="",E71=""),"",B71/C71-2*B71/(B71+E71)) -> 0.20300262 | T71: PASS
A72: =Master_Database!A72 -> MG-LONG-019 | B72: =Master_Database!F72 -> 395 | C72: =Master_Database!G72 -> 430 | D72: =Master_Database!H72 -> 0 | E72: =Master_Database!I72 -> 694 | F72: =IF(OR(B72="",C72=""),"",C72-B72) -> 35 | G72: =IF(OR(B72="",E72=""),"",B72/E72) -> 0.56916427 | H72: =IF(OR(B72="",D72=""),"",B72/D72) | I72: =IF(OR(B72="",C72="",E72=""),"",C72/(B72+E72)) -> 0.39485767 | J72: =IF(OR(B72="",C72="",E72=""),"",(2*C72-B72)/E72) -> 0.67002882 | K72: =IF(OR(B72="",C72="",E72=""),"",(C72-B72)/(E72-B72)) -> 0.11705686 | L72: =IF(OR(B72="",C72="",E72=""),"",C72/(E72-B72)) -> 1.4381271 | M72: =IF(OR(B72="",C72="",E72=""),"",(B72/E72)*((C72-B72)/B72)^0.143) -> 0.40246301 | N72: =IF(OR(C72="",E72=""),"",C72/E72) -> 0.61959654 | O72: =IF(OR(B72="",C72="",E72=""),"",C72/B72+B72/E72) -> 1.6577719 | P72: =IF(OR(B72="",C72="",E72=""),"",B72/C72-2*B72/(B72+E72)) -> 0.19316847 | T72: PASS
A73: =Master_Database!A73 -> MG-LONG-020 | B73: =Master_Database!F73 -> 399 | C73: =Master_Database!G73 -> 436 | D73: =Master_Database!H73 -> 0 | E73: =Master_Database!I73 -> 680 | F73: =IF(OR(B73="",C73=""),"",C73-B73) -> 37 | G73: =IF(OR(B73="",E73=""),"",B73/E73) -> 0.58676471 | H73: =IF(OR(B73="",D73=""),"",B73/D73) | I73: =IF(OR(B73="",C73="",E73=""),"",C73/(B73+E73)) -> 0.40407785 | J73: =IF(OR(B73="",C73="",E73=""),"",(2*C73-B73)/E73) -> 0.69558824 | K73: =IF(OR(B73="",C73="",E73=""),"",(C73-B73)/(E73-B73)) -> 0.1316726 | L73: =IF(OR(B73="",C73="",E73=""),"",C73/(E73-B73)) -> 1.5516014 | M73: =IF(OR(B73="",C73="",E73=""),"",(B73/E73)*((C73-B73)/B73)^0.143) -> 0.41761655 | N73: =IF(OR(C73="",E73=""),"",C73/E73) -> 0.64117647 | O73: =IF(OR(B73="",C73="",E73=""),"",C73/B73+B73/E73) -> 1.6794965 | P73: =IF(OR(B73="",C73="",E73=""),"",B73/C73-2*B73/(B73+E73)) -> 0.17556394 | T73: PASS
A74: =Master_Database!A74 -> MG-LONG-021 | B74: =Master_Database!F74 -> 401 | C74: =Master_Database!G74 -> 436 | D74: =Master_Database!H74 -> 0 | E74: =Master_Database!I74 -> 717 | F74: =IF(OR(B74="",C74=""),"",C74-B74) -> 35 | G74: =IF(OR(B74="",E74=""),"",B74/E74) -> 0.55927476 | H74: =IF(OR(B74="",D74=""),"",B74/D74) | I74: =IF(OR(B74="",C74="",E74=""),"",C74/(B74+E74)) -> 0.38998211 | J74: =IF(OR(B74="",C74="",E74=""),"",(2*C74-B74)/E74) -> 0.65690377 | K74: =IF(OR(B74="",C74="",E74=""),"",(C74-B74)/(E74-B74)) -> 0.11075949 | L74: =IF(OR(B74="",C74="",E74=""),"",C74/(E74-B74)) -> 1.3797468 | M74: =IF(OR(B74="",C74="",E74=""),"",(B74/E74)*((C74-B74)/B74)^0.143) -> 0.39461837 | N74: =IF(OR(C74="",E74=""),"",C74/E74) -> 0.60808926 | O74: =IF(OR(B74="",C74="",E74=""),"",C74/B74+B74/E74) -> 1.6465566 | P74: =IF(OR(B74="",C74="",E74=""),"",B74/C74-2*B74/(B74+E74)) -> 0.20237236 | T74: PASS
A75: =Master_Database!A75 -> MG-LONG-022 | B75: =Master_Database!F75 -> 400 | C75: =Master_Database!G75 -> 438 | D75: =Master_Database!H75 -> 0 | E75: =Master_Database!I75 -> 678 | F75: =IF(OR(B75="",C75=""),"",C75-B75) -> 38 | G75: =IF(OR(B75="",E75=""),"",B75/E75) -> 0.5899705 | H75: =IF(OR(B75="",D75=""),"",B75/D75) | I75: =IF(OR(B75="",C75="",E75=""),"",C75/(B75+E75)) -> 0.40630798 | J75: =IF(OR(B75="",C75="",E75=""),"",(2*C75-B75)/E75) -> 0.7020649 | K75: =IF(OR(B75="",C75="",E75=""),"",(C75-B75)/(E75-B75)) -> 0.13669065 | L75: =IF(OR(B75="",C75="",E75=""),"",C75/(E75-B75)) -> 1.5755396 | M75: =IF(OR(B75="",C75="",E75=""),"",(B75/E75)*((C75-B75)/B75)^0.143) -> 0.42135172 | N75: =IF(OR(C75="",E75=""),"",C75/E75) -> 0.6460177 | O75: =IF(OR(B75="",C75="",E75=""),"",C75/B75+B75/E75) -> 1.6849705 | P75: =IF(OR(B75="",C75="",E75=""),"",B75/C75-2*B75/(B75+E75)) -> 0.17112698 | T75: PASS
A76: =Master_Database!A76 -> MG-LONG-023 | B76: =Master_Database!F76 -> 399 | C76: =Master_Database!G76 -> 428 | D76: =Master_Database!H76 -> 0 | E76: =Master_Database!I76 -> 714 | F76: =IF(OR(B76="",C76=""),"",C76-B76) -> 29 | G76: =IF(OR(B76="",E76=""),"",B76/E76) -> 0.55882353 | H76: =IF(OR(B76="",D76=""),"",B76/D76) | I76: =IF(OR(B76="",C76="",E76=""),"",C76/(B76+E76)) -> 0.38454627 | J76: =IF(OR(B76="",C76="",E76=""),"",(2*C76-B76)/E76) -> 0.64005602 | K76: =IF(OR(B76="",C76="",E76=""),"",(C76-B76)/(E76-B76)) -> 0.092063492 | L76: =IF(OR(B76="",C76="",E76=""),"",C76/(E76-B76)) -> 1.3587302 | M76: =IF(OR(B76="",C76="",E76=""),"",(B76/E76)*((C76-B76)/B76)^0.143) -> 0.38411253 | N76: =IF(OR(C76="",E76=""),"",C76/E76) -> 0.59943978 | O76: =IF(OR(B76="",C76="",E76=""),"",C76/B76+B76/E76) -> 1.6315052 | P76: =IF(OR(B76="",C76="",E76=""),"",B76/C76-2*B76/(B76+E76)) -> 0.21526186 | T76: PASS
... A277: =Master_Database!A277 -> MG-JTAC18-126 | B277: =Master_Database!F277 -> 451 | C277: =Master_Database!G277 -> 480 | D277: =Master_Database!H277 -> 0 | E277: =Master_Database!I277 -> 812 | F277: =IF(OR(B277="",C277=""),"",C277-B277) -> 29 | G277: =IF(OR(B277="",E277=""),"",B277/E277) -> 0.55541872 | H277: =IF(OR(B277="",D277=""),"",B277/D277) | I277: =IF(OR(B277="",C277="",E277=""),"",C277/(B277+E277)) -> 0.38004751 | J277: =IF(OR(B277="",C277="",E277=""),"",(2*C277-B277)/E277) -> 0.62684729 | K277: =IF(OR(B277="",C277="",E277=""),"",(C277-B277)/(E277-B277)) -> 0.08033241 | L277: =IF(OR(B277="",C277="",E277=""),"",C277/(E277-B277)) -> 1.3296399 | M277: =IF(OR(B277="",C277="",E277=""),"",(B277/E277)*((C277-B277)/B277)^0.143) -> 0.37514242 | N277: =IF(OR(C277="",E277=""),"",C277/E277) -> 0.591133 | O277: =IF(OR(B277="",C277="",E277=""),"",C277/B277+B277/E277) -> 1.6197203 | P277: =IF(OR(B277="",C277="",E277=""),"",B277/C277-2*B277/(B277+E277)) -> 0.22541073 | T277: PASS
A278: =Master_Database!A278 -> 0 | B278: =Master_Database!F278 -> 0 | C278: =Master_Database!G278 -> 0 | D278: =Master_Database!H278 -> 0 | E278: =Master_Database!I278 -> 0 | F278: =IF(OR(B278="",C278=""),"",C278-B278) | G278: =IF(OR(B278="",E278=""),"",B278/E278) | H278: =IF(OR(B278="",D278=""),"",B278/D278) | I278: =IF(OR(B278="",C278="",E278=""),"",C278/(B278+E278)) | J278: =IF(OR(B278="",C278="",E278=""),"",(2*C278-B278)/E278) | K278: =IF(OR(B278="",C278="",E278=""),"",(C278-B278)/(E278-B278)) | L278: =IF(OR(B278="",C278="",E278=""),"",C278/(E278-B278)) | M278: =IF(OR(B278="",C278="",E278=""),"",(B278/E278)*((C278-B278)/B278)^0.143) | N278: =IF(OR(C278="",E278=""),"",C278/E278) | O278: =IF(OR(B278="",C278="",E278=""),"",C278/B278+B278/E278) | P278: =IF(OR(B278="",C278="",E278=""),"",B278/C278-2*B278/(B278+E278))
A279: =Master_Database!A279 -> 0 | B279: =Master_Database!F279 -> 0 | C279: =Master_Database!G279 -> 0 | D279: =Master_Database!H279 -> 0 | E279: =Master_Database!I279 -> 0 | F279: =IF(OR(B279="",C279=""),"",C279-B279) | G279: =IF(OR(B279="",E279=""),"",B279/E279) | H279: =IF(OR(B279="",D279=""),"",B279/D279) | I279: =IF(OR(B279="",C279="",E279=""),"",C279/(B279+E279)) | J279: =IF(OR(B279="",C279="",E279=""),"",(2*C279-B279)/E279) | K279: =IF(OR(B279="",C279="",E279=""),"",(C279-B279)/(E279-B279)) | L279: =IF(OR(B279="",C279="",E279=""),"",C279/(E279-B279)) | M279: =IF(OR(B279="",C279="",E279=""),"",(B279/E279)*((C279-B279)/B279)^0.143) | N279: =IF(OR(C279="",E279=""),"",C279/E279) | O279: =IF(OR(B279="",C279="",E279=""),"",C279/B279+B279/E279) | P279: =IF(OR(B279="",C279="",E279=""),"",B279/C279-2*B279/(B279+E279))
A280: =Master_Database!A280 -> 0 | B280: =Master_Database!F280 -> 0 | C280: =Master_Database!G280 -> 0 | D280: =Master_Database!H280 -> 0 | E280: =Master_Database!I280 -> 0 | F280: =IF(OR(B280="",C280=""),"",C280-B280) | G280: =IF(OR(B280="",E280=""),"",B280/E280) | H280: =IF(OR(B280="",D280=""),"",B280/D280) | I280: =IF(OR(B280="",C280="",E280=""),"",C280/(B280+E280)) | J280: =IF(OR(B280="",C280="",E280=""),"",(2*C280-B280)/E280) | K280: =IF(OR(B280="",C280="",E280=""),"",(C280-B280)/(E280-B280)) | L280: =IF(OR(B280="",C280="",E280=""),"",C280/(E280-B280)) | M280: =IF(OR(B280="",C280="",E280=""),"",(B280/E280)*((C280-B280)/B280)^0.143) | N280: =IF(OR(C280="",E280=""),"",C280/E280) | O280: =IF(OR(B280="",C280="",E280=""),"",C280/B280+B280/E280) | P280: =IF(OR(B280="",C280="",E280=""),"",B280/C280-2*B280/(B280+E280))
A281: =Master_Database!A281 -> 0 | B281: =Master_Database!F281 -> 0 | C281: =Master_Database!G281 -> 0 | D281: =Master_Database!H281 -> 0 | E281: =Master_Database!I281 -> 0 | F281: =IF(OR(B281="",C281=""),"",C281-B281) | G281: =IF(OR(B281="",E281=""),"",B281/E281) | H281: =IF(OR(B281="",D281=""),"",B281/D281) | I281: =IF(OR(B281="",C281="",E281=""),"",C281/(B281+E281)) | J281: =IF(OR(B281="",C281="",E281=""),"",(2*C281-B281)/E281) | K281: =IF(OR(B281="",C281="",E281=""),"",(C281-B281)/(E281-B281)) | L281: =IF(OR(B281="",C281="",E281=""),"",C281/(E281-B281)) | M281: =IF(OR(B281="",C281="",E281=""),"",(B281/E281)*((C281-B281)/B281)^0.143) | N281: =IF(OR(C281="",E281=""),"",C281/E281) | O281: =IF(OR(B281="",C281="",E281=""),"",C281/B281+B281/E281) | P281: =IF(OR(B281="",C281="",E281=""),"",B281/C281-2*B281/(B281+E281))
A282: =Master_Database!A282 -> 0 | B282: =Master_Database!F282 -> 0 | C282: =Master_Database!G282 -> 0 | D282: =Master_Database!H282 -> 0 | E282: =Master_Database!I282 -> 0 | F282: =IF(OR(B282="",C282=""),"",C282-B282) | G282: =IF(OR(B282="",E282=""),"",B282/E282) | H282: =IF(OR(B282="",D282=""),"",B282/D282) | I282: =IF(OR(B282="",C282="",E282=""),"",C282/(B282+E282)) | J282: =IF(OR(B282="",C282="",E282=""),"",(2*C282-B282)/E282) | K282: =IF(OR(B282="",C282="",E282=""),"",(C282-B282)/(E282-B282)) | L282: =IF(OR(B282="",C282="",E282=""),"",C282/(E282-B282)) | M282: =IF(OR(B282="",C282="",E282=""),"",(B282/E282)*((C282-B282)/B282)^0.143) | N282: =IF(OR(C282="",E282=""),"",C282/E282) | O282: =IF(OR(B282="",C282="",E282=""),"",C282/B282+B282/E282) | P282: =IF(OR(B282="",C282="",E282=""),"",B282/C282-2*B282/(B282+E282))
A283: =Master_Database!A283 -> 0 | B283: =Master_Database!F283 -> 0 | C283: =Master_Database!G283 -> 0 | D283: =Master_Database!H283 -> 0 | E283: =Master_Database!I283 -> 0 | F283: =IF(OR(B283="",C283=""),"",C283-B283) | G283: =IF(OR(B283="",E283=""),"",B283/E283) | H283: =IF(OR(B283="",D283=""),"",B283/D283) | I283: =IF(OR(B283="",C283="",E283=""),"",C283/(B283+E283)) | J283: =IF(OR(B283="",C283="",E283=""),"",(2*C283-B283)/E283) | K283: =IF(OR(B283="",C283="",E283=""),"",(C283-B283)/(E283-B283)) | L283: =IF(OR(B283="",C283="",E283=""),"",C283/(E283-B283)) | M283: =IF(OR(B283="",C283="",E283=""),"",(B283/E283)*((C283-B283)/B283)^0.143) | N283: =IF(OR(C283="",E283=""),"",C283/E283) | O283: =IF(OR(B283="",C283="",E283=""),"",C283/B283+B283/E283) | P283: =IF(OR(B283="",C283="",E283=""),"",B283/C283-2*B283/(B283+E283))
A284: =Master_Database!A284 -> 0 | B284: =Master_Database!F284 -> 0 | C284: =Master_Database!G284 -> 0 | D284: =Master_Database!H284 -> 0 | E284: =Master_Database!I284 -> 0 | F284: =IF(OR(B284="",C284=""),"",C284-B284) | G284: =IF(OR(B284="",E284=""),"",B284/E284) | H284: =IF(OR(B284="",D284=""),"",B284/D284) | I284: =IF(OR(B284="",C284="",E284=""),"",C284/(B284+E284)) | J284: =IF(OR(B284="",C284="",E284=""),"",(2*C284-B284)/E284) | K284: =IF(OR(B284="",C284="",E284=""),"",(C284-B284)/(E284-B284)) | L284: =IF(OR(B284="",C284="",E284=""),"",C284/(E284-B284)) | M284: =IF(OR(B284="",C284="",E284=""),"",(B284/E284)*((C284-B284)/B284)^0.143) | N284: =IF(OR(C284="",E284=""),"",C284/E284) | O284: =IF(OR(B284="",C284="",E284=""),"",C284/B284+B284/E284) | P284: =IF(OR(B284="",C284="",E284=""),"",B284/C284-2*B284/(B284+E284))
A285: =Master_Database!A285 -> 0 | B285: =Master_Database!F285 -> 0 | C285: =Master_Database!G285 -> 0 | D285: =Master_Database!H285 -> 0 | E285: =Master_Database!I285 -> 0 | F285: =IF(OR(B285="",C285=""),"",C285-B285) | G285: =IF(OR(B285="",E285=""),"",B285/E285) | H285: =IF(OR(B285="",D285=""),"",B285/D285) | I285: =IF(OR(B285="",C285="",E285=""),"",C285/(B285+E285)) | J285: =IF(OR(B285="",C285="",E285=""),"",(2*C285-B285)/E285) | K285: =IF(OR(B285="",C285="",E285=""),"",(C285-B285)/(E285-B285)) | L285: =IF(OR(B285="",C285="",E285=""),"",C285/(E285-B285)) | M285: =IF(OR(B285="",C285="",E285=""),"",(B285/E285)*((C285-B285)/B285)^0.143) | N285: =IF(OR(C285="",E285=""),"",C285/E285) | O285: =IF(OR(B285="",C285="",E285=""),"",C285/B285+B285/E285) | P285: =IF(OR(B285="",C285="",E285=""),"",B285/C285-2*B285/(B285+E285))
A286: =Master_Database!A286 -> 0 | B286: =Master_Database!F286 -> 0 | C286: =Master_Database!G286 -> 0 | D286: =Master_Database!H286 -> 0 | E286: =Master_Database!I286 -> 0 | F286: =IF(OR(B286="",C286=""),"",C286-B286) | G286: =IF(OR(B286="",E286=""),"",B286/E286) | H286: =IF(OR(B286="",D286=""),"",B286/D286) | I286: =IF(OR(B286="",C286="",E286=""),"",C286/(B286+E286)) | J286: =IF(OR(B286="",C286="",E286=""),"",(2*C286-B286)/E286) | K286: =IF(OR(B286="",C286="",E286=""),"",(C286-B286)/(E286-B286)) | L286: =IF(OR(B286="",C286="",E286=""),"",C286/(E286-B286)) | M286: =IF(OR(B286="",C286="",E286=""),"",(B286/E286)*((C286-B286)/B286)^0.143) | N286: =IF(OR(C286="",E286=""),"",C286/E286) | O286: =IF(OR(B286="",C286="",E286=""),"",C286/B286+B286/E286) | P286: =IF(OR(B286="",C286="",E286=""),"",B286/C286-2*B286/(B286+E286))
A287: =Master_Database!A287 -> 0 | B287: =Master_Database!F287 -> 0 | C287: =Master_Database!G287 -> 0 | D287: =Master_Database!H287 -> 0 | E287: =Master_Database!I287 -> 0 | F287: =IF(OR(B287="",C287=""),"",C287-B287) | G287: =IF(OR(B287="",E287=""),"",B287/E287) | H287: =IF(OR(B287="",D287=""),"",B287/D287) | I287: =IF(OR(B287="",C287="",E287=""),"",C287/(B287+E287)) | J287: =IF(OR(B287="",C287="",E287=""),"",(2*C287-B287)/E287) | K287: =IF(OR(B287="",C287="",E287=""),"",(C287-B287)/(E287-B287)) | L287: =IF(OR(B287="",C287="",E287=""),"",C287/(E287-B287)) | M287: =IF(OR(B287="",C287="",E287=""),"",(B287/E287)*((C287-B287)/B287)^0.143) | N287: =IF(OR(C287="",E287=""),"",C287/E287) | O287: =IF(OR(B287="",C287="",E287=""),"",C287/B287+B287/E287) | P287: =IF(OR(B287="",C287="",E287=""),"",B287/C287-2*B287/(B287+E287))
A288: =Master_Database!A288 -> 0 | B288: =Master_Database!F288 -> 0 | C288: =Master_Database!G288 -> 0 | D288: =Master_Database!H288 -> 0 | E288: =Master_Database!I288 -> 0 | F288: =IF(OR(B288="",C288=""),"",C288-B288) | G288: =IF(OR(B288="",E288=""),"",B288/E288) | H288: =IF(OR(B288="",D288=""),"",B288/D288) | I288: =IF(OR(B288="",C288="",E288=""),"",C288/(B288+E288)) | J288: =IF(OR(B288="",C288="",E288=""),"",(2*C288-B288)/E288) | K288: =IF(OR(B288="",C288="",E288=""),"",(C288-B288)/(E288-B288)) | L288: =IF(OR(B288="",C288="",E288=""),"",C288/(E288-B288)) | M288: =IF(OR(B288="",C288="",E288=""),"",(B288/E288)*((C288-B288)/B288)^0.143) | N288: =IF(OR(C288="",E288=""),"",C288/E288) | O288: =IF(OR(B288="",C288="",E288=""),"",C288/B288+B288/E288) | P288: =IF(OR(B288="",C288="",E288=""),"",B288/C288-2*B288/(B288+E288))
A289: =Master_Database!A289 -> 0 | B289: =Master_Database!F289 -> 0 | C289: =Master_Database!G289 -> 0 | D289: =Master_Database!H289 -> 0 | E289: =Master_Database!I289 -> 0 | F289: =IF(OR(B289="",C289=""),"",C289-B289) | G289: =IF(OR(B289="",E289=""),"",B289/E289) | H289: =IF(OR(B289="",D289=""),"",B289/D289) | I289: =IF(OR(B289="",C289="",E289=""),"",C289/(B289+E289)) | J289: =IF(OR(B289="",C289="",E289=""),"",(2*C289-B289)/E289) | K289: =IF(OR(B289="",C289="",E289=""),"",(C289-B289)/(E289-B289)) | L289: =IF(OR(B289="",C289="",E289=""),"",C289/(E289-B289)) | M289: =IF(OR(B289="",C289="",E289=""),"",(B289/E289)*((C289-B289)/B289)^0.143) | N289: =IF(OR(C289="",E289=""),"",C289/E289) | O289: =IF(OR(B289="",C289="",E289=""),"",C289/B289+B289/E289) | P289: =IF(OR(B289="",C289="",E289=""),"",B289/C289-2*B289/(B289+E289))
... A501: =Master_Database!A501 -> 0 | B501: =Master_Database!F501 -> 0 | C501: =Master_Database!G501 -> 0 | D501: =Master_Database!H501 -> 0 | E501: =Master_Database!I501 -> 0 | F501: =IF(OR(B501="",C501=""),"",C501-B501) | G501: =IF(OR(B501="",E501=""),"",B501/E501) | H501: =IF(OR(B501="",D501=""),"",B501/D501) | I501: =IF(OR(B501="",C501="",E501=""),"",C501/(B501+E501)) | J501: =IF(OR(B501="",C501="",E501=""),"",(2*C501-B501)/E501) | K501: =IF(OR(B501="",C501="",E501=""),"",(C501-B501)/(E501-B501)) | L501: =IF(OR(B501="",C501="",E501=""),"",C501/(E501-B501)) | M501: =IF(OR(B501="",C501="",E501=""),"",(B501/E501)*((C501-B501)/B501)^0.143) | N501: =IF(OR(C501="",E501=""),"",C501/E501) | O501: =IF(OR(B501="",C501="",E501=""),"",C501/B501+B501/E501) | P501: =IF(OR(B501="",C501="",E501=""),"",B501/C501-2*B501/(B501+E501))

Sheet Source_by_Source
A1: Source_ID | B1: Draft_ref | C1: Alloy_family_or_role | D1: Citation | E1: DOI | F1: Primary_URL | G1: Verification_status | H1: Data_expected | I1: Audit_note
A2: SRC20 | B2: [20] | C2: Cu–Zr–Al / cluster-resonance context | D2: G. Han et al., Philosophical Magazine 91 (2011) 2404–2418 | E2: 10.1080/14786435.2011.558524 | F2: https://doi.org/10.1080/14786435.2011.558524 | G2: DOI_VERIFIED | H2: Composition formulae; Cu–Zr–Al and B–Co–Si–Ta examples | I2: Bibliographic DOI verified; numerical row extraction still pending primary full-table audit.
A3: SRC21 | B3: [21] | C3: Zr–Ni–Al | D3: F.W. Li et al., Chinese Science Bulletin 56 (2011) 3902–3907 | E3: 10.1007/s11434-011-4842-z | F3: https://link.springer.com/article/10.1007/s11434-011-4842-z | G3: PRIMARY_OPEN_ACCESS_TABLE_EXTRACTED | H3: 25 Table-1 rows extracted: Tg, Tx, Tm, Tl, reported ΔTx, Trg and γm available; dc requires separate figure audit. | I3: Table 1 (p.3906) transcribed into Master_Database. Source table has 25 rows including the reference alloy, whereas the draft family count says N=22; discrepancy flagged.
A4: SRC23 | B4: [23] | C4: Co–B–Si–Ta | D4: C.L. Zhu et al., Journal of Alloys and Compounds 504 (2010) S34–S37 | E4: 10.1016/j.jallcom.2010.04.065 | F4: https://doi.org/10.1016/j.jallcom.2010.04.065 | G4: PRIMARY_PUBLISHER_ABSTRACT | H4: Compositions, casting diameters, thermal/mechanical data | I4: Publisher confirms Co62.2B26.9Si6.9Ta4 forms 4 mm amorphous rod; full thermal table extraction pending.
A5: SRC24 | B5: [24] | C5: B–Ni–Fe–Si–Ta | D5: C.L. Zhu et al., Intermetallics 18 (2010) 791–795 | E5: 10.1016/j.intermet.2009.12.007 | F5: https://doi.org/10.1016/j.intermet.2009.12.007 | G5: DOI_VERIFIED_SECONDARY_ABSTRACT | H5: Compositions, dc, thermal data | I5: DOI and abstract metadata located; primary full table still required before VERIFIED_PRIMARY row values.
A6: SRC25 | B6: [25] | C6: Ni–Nb–Zr | D6: L. Yuan et al., Intermetallics 18 (2010) 1800–1802 | E6: 10.1016/j.intermet.2010.01.023 | F6: https://doi.org/10.1016/j.intermet.2010.01.023 | G6: DOI_VERIFIED_SECONDARY_ABSTRACT | H6: Ni–Nb–Zr compositions and 3 mm rods | I6: Abstract reports x=0.76–1.16 compositions forming single glassy phases in 3 mm rods; full thermal values pending.
A7: SRC27 | B7: [27] | C7: Mixed BMG / Trg criterion | D7: Z.P. Lu et al., Scripta Materialia 42 (2000) 667–673 | E7: 10.1016/S1359-6462(99)00417-0 | F7: https://doi.org/10.1016/S1359-6462(99)00417-0 | G7: PRIMARY_PUBLISHER_ABSTRACT | H7: Zr-, La-, Mg-, Pd-, RE-based thermal/GFA comparison | I7: DOI verified at publisher; table extraction required.
A8: SRC29 | B8: [29] | C8: RE-based | D8: S. Li et al., Journal of Non-Crystalline Solids 354 (2008) 1080–1088 | E8: 10.1016/j.jnoncrysol.2007.08.022 | F8: https://doi.org/10.1016/j.jnoncrysol.2007.08.022 | G8: PRIMARY_PUBLISHER_ABSTRACT | H8: RE55Al25Co20 series: GFA, thermal, elastic/mechanical properties | I8: DOI and family verified; full table extraction pending.
A9: SRC30 | B9: [30] | C9: Mixed BMG / alternative GFA criteria | D9: Z. Long et al., Journal of Alloys and Compounds 475 (2009) 207–219 | E9: 10.1016/j.jallcom.2008.07.087 | F9: https://doi.org/10.1016/j.jallcom.2008.07.087 | G9: PRIMARY_PUBLISHER_ABSTRACT | H9: Large compiled BMG thermal dataset; ω and other GFA criteria | I9: Publisher verifies formulas for ω, Trg, ΔTx, γ, γm, ΔTrg, δ, φ, α and β; full data table extraction pending.
A10: SRC32 | B10: [32] | C10: La-based / γ limitation | D10: Z.P. Lu et al., Intermetallics 16 (2008) 410–417 | E10: 10.1016/j.intermet.2007.12.002 | F10: https://doi.org/10.1016/j.intermet.2007.12.002 | G10: PRIMARY_PUBLISHER_ABSTRACT | H10: La-based compositions; γ=Tx/(Tg+Tl); GFA limitations | I10: Publisher verifies γ definition and chemistry-dependent limitations.
A11: SRC33 | B11: Expansion | C11: Cu–Zr–Al | D11: G. Wang et al., Materials Research 22 (2019) e20190078 | E11: 10.1590/1980-5373-MR-2019-0078 | F11: https://doi.org/10.1590/1980-5373-MR-2019-0078 | G11: PRIMARY_OPEN_ACCESS_TABLE_EXTRACTED | H11: Tg, Tx, ΔTx, Tl, Trg, γ, Dc for four Cu–Zr–Al(-Y,-Nb) compositions | I11: Four explicit rows added to Master_Database as VERIFIED_PRIMARY.
A12: SRC34 | B12: Expansion | C12: Mixed BMG / GFA criteria | D12: Q. Chen et al., Materials Science and Engineering A 433 (2006) 155–160 | E12: 10.1016/j.msea.2006.06.053 | F12: https://doi.org/10.1016/j.msea.2006.06.053 | G12: COMPILATION_TABLE_EXTRACTED | H12: Tg, Tx, Tl, Dmax, Trg, γ and δ for reported BMGs | I12: Publisher DOI corrected to 10.1016/j.msea.2006.06.053. Selected explicit rows staged; cited primary references remain to be audited.
A13: SRC35 | B13: Expansion | C13: Ni-based BMGs | D13: Synthesis of Ni-Based Bulk Metallic Glasses for Penetrating Materials (accessible full report) | F13: https://lab.hanbat.ac.kr/ajaajaaja/theses/document/1856/download | G13: PRIMARY_FULL_REPORT_TABLE_EXTRACTED | H13: Tg, Tx, ΔTx, Tl, Trg, ΔH and maximum diameter for base/Al/W/Hf-modified alloys | I13: Four explicit Ni-based rows added; bibliographic journal mapping/DOI still to be resolved.
A14: SRC36 | B14: Expansion / independent compilation | C14: Ag-, Cu-, Fe-, Gd-, La-, Mg-, Ti-, Zr-based BMGs | D14: Z. Long et al., Journal of Thermal Analysis and Calorimetry 132 (2018) 1645–1660 | E14: 10.1007/s10973-018-7050-0 | F14: https://doi.org/10.1007/s10973-018-7050-0 | G14: FULL_TEXT_TABLE_PARTIALLY_EXTRACTED | H14: Table 2: Tg, Tx, Tl and Dmax for reported BMGs; first 17 Ag-rich rows extracted in this run. | I14: Useful independent compilation for approaching target coverage and cross-checking older compilations; rows remain Include_model=NO until primary cited reference is locked.
A15: SRC37 | B15: Primary audit | C15: Al–Ni–Zr BMG series | D15: F. W. Li et al., Revisiting Al-Ni-Zr bulk metallic glasses using the cluster-resonance model, Chinese Science Bulletin 56 (2011) 3902–3907 | E15: 10.1007/s11434-011-4842-z | F15: https://doi.org/10.1007/s11434-011-4842-z | G15: PRIMARY_FULL_TEXT_TABLE_VERIFIED | H15: Tg, Tx, Tm, Tl and derived GFA descriptors for the Ni3Zr8Alx, Ni3Zr7Alx and Ni4Zr9Alx series visible in full text. | I15: 12 database rows upgraded only where exact primary table tuples were available.

Sheet QC_Audit
A1: QC_ID | B1: Draft_claim_or_value | C1: Variable | D1: Draft_value | E1: Proposed_value | F1: Unit | G1: Primary_source_required | H1: Status | I1: Decision_rule | J1: Evidence_note
A2: QC001 | B2: HoYAlCo anomaly | C2: Unknown/descriptor | D2: 63 | E2: 0.600 | G2: YES | H2: PENDING_PRIMARY | I2: Do not correct until original table is verified. | J2: Draft lists this as a correction but parsed text loses the variable label.
A3: QC002 | B3: CuZrTi anomaly | C3: Temperature | D3: 7768 | E3: 768 | F3: K | G3: YES | H3: PENDING_PRIMARY | I3: Treat as suspected typo only until primary source confirms 768 K. | J3: Magnitude strongly suggests typo, but internal plausibility is not sufficient evidence.
A4: QC003 | B4: B(NiFe)SiTa anomaly | C4: Dimensionless descriptor | D4: 6.641 | E4: 0.641 | G4: YES | H4: PENDING_PRIMARY | I4: Do not overwrite source value without primary verification. | J4: Likely decimal-place issue; remains unverified.
A5: QC004 | B5: NiNbCu anomaly | C5: Temperature difference? | D5: 21 | E5: 19 | F5: K | G5: YES | H5: PENDING_PRIMARY | I5: Variable and table must be recovered before correction. | J5: Draft parsing does not preserve variable label.
A6: QC005 | B6: NiNbTaZr anomaly | C6: Temperature difference? | D6: 35 | E6: 36 | F6: K | G6: YES | H6: PENDING_PRIMARY | I6: Variable and table must be recovered before correction. | J6: Draft parsing does not preserve variable label.
A7: QC006 | B7: Zr–Ni–Al family sample count | C7: N | D7: 22 | E7: 25 | F7: rows | G7: YES | H7: CONFLICT_VERIFIED | I7: Keep both counts until the exact draft subset is reconstructed. | J7: Draft states N=22; Li et al. primary Table 1 contains 25 thermal rows including reference.
A8: QC007 | B8: Ni3Zr6Al3 composition sum | C8: Composition | D8: Al25 Ni25 Zr60 | E8: REVIEW | F8: at.% | G8: YES | H8: SOURCE_INTERNAL_ANOMALY | I8: Do not silently renormalize or correct. | J8: As printed, percentages sum to 110 at.%; row retained but excluded/pending until original PDF/erratum or independent source resolves it.
A9: QC008 | B9: Reference Al15Ni25Zr60 critical diameter | C9: dc | E9: 8 | F9: mm | G9: YES | H9: VERIFIED_PRIMARY | I9: Use 8 mm only for the reference row because source figure text explicitly states it. | J9: Other dc values remain blank until figure-by-figure extraction is verified.
A10: QC009 | B10: Mixed-dataset staging policy | C10: Provenance | G10: YES | H10: RULE_LOCKED | I10: Compilation tables may be staged but Include_model=NO until their cited primary references are audited. | J10: Prevents secondary compilations from silently becoming primary evidence.
A11: QC010 | B11: Y36Sc20Al24Co10Ni10 Dmax | C11: dc | D11: >25 | E11: lower bound only | F11: mm | G11: YES | H11: REVIEW | I11: Do not treat >25 mm as exact 25 mm in statistical modeling. | J11: Schema extension for inequality/lower-bound values is required.
A12: QC011 | B12: Cu–Zr–Al expansion vs draft subset | C12: Dataset membership | D12: 4 new primary rows | E12: not assumed part of draft 10 | G12: YES | H12: PENDING_MAPPING | I12: Keep literature expansion separate from draft reproduction until composition-level mapping is established. | J12: Avoids contaminating Phase-4 reproduction with later literature.
A13: QC012 | B13: Massive Long Table 2 continuation | C13: Provenance | D13: 59 | E13: rows | G13: YES | H13: STAGED | I13: Retain as VERIFIED_COMPILATION and Include_model=NO until cited primary papers are checked. | J13: Adds Pd, Ti, Pr, Y, Co, Au, Hf, Gd, Mg, La and Fe families without fabricating missing Tm.
A14: QC013 | B14: Chen et al. DOI in database | C14: DOI | D14: 10.1016/j.msea.2006.06.023 | E14: 10.1016/j.msea.2006.06.053 | G14: YES | H14: CORRECTED_PRIMARY_PUBLISHER | I14: Use publisher DOI; propagate correction to all SRC34 rows. | J14: ScienceDirect publisher record gives DOI 10.1016/j.msea.2006.06.053.
A15: QC014 | B15: Long/Chen overlapping compilation rows | C15: Duplicate/provenance | G15: YES | H15: PENDING_DEDUP | I15: Do not count exact composition-temperature duplicates twice in final analytical dataset. | J15: Both compilations can contain the same underlying primary observations.
A16: QC015 | B16: 2018 independent compilation | C16: Coverage | D16: +17 | E16: Ag-rich rows | G16: YES | H16: STAGED | I16: Use for coverage/cross-source checking; do not merge duplicate underlying experiments as independent observations. | J16: Table 2 provides Tg, Tx, Tl, Dmax and is explicitly a compilation of reported BMGs.
A17: QC016 | B17: Target coverage reached | C17: N | D17: 276 | E17: 276 | F17: observations | G17: YES | H17: COVERAGE_REACHED | I17: Freeze coverage checkpoint before statistical reproduction; next audit deduplicates underlying experiments and upgrades provenance. | J17: Rows 51–126 of Long et al. 2018 Table 2 supplied the final 76 staged observations.
A18: QC017 | B18: Cross-compilation duplicates | C18: Independence | D18: present | E18: audit required | G18: YES | H18: PENDING_DEDUP | I18: 276 is a reconstruction/staging count, not yet 276 independent primary experiments. | J18: Do not use raw 276 directly for PCA/PLS until duplicate and primary-source audit is complete.
A19: QC018 | B19: Mg65Cu25Y10 cross-source thermal tuple | C19: Tg/Tx/Tl | D19: 424.5/479.4/770.9 | E19: MATCH | F19: K | G19: YES | H19: CORROBORATED_SECONDARY | I19: Retain one analytical observation; multiple tables are provenance, not independent samples. | J19: Guo et al. 2010 table independently reproduces the JTAC18 tuple.
A20: QC019 | B20: Mg65Cu25Y10 Tm vs Tl definitions | C20: Melting variable | D20: Tm=727.9 | E20: Tl=770.9 | F20: K | G20: YES | H20: VARIABLE_DEFINITION_CONFLICT | I20: Never substitute Tm for Tl in descriptor recalculation. | J20: Peer-reviewed review and GFA criterion tables demonstrate materially different melting-temperature definitions.
A21: QC020 | B21: Fe72Y6B22 thermal conflict | C21: Tg/Tx | D21: multiple reported tuples | E21: UNRESOLVED | G21: YES | H21: CONFLICT_RETAIN | I21: Exclude conflict from locked analytical set until the cited primary experimental papers are retrieved. | J21: Composition confirmed in peer-reviewed literature; abstract-level evidence cannot resolve thermal values.
A22: QC021 | B22: Primary-upgrade rule | C22: Provenance | G22: YES | H22: RULE_REAFFIRMED | I22: Abstract/context evidence cannot convert VERIFIED_COMPILATION to VERIFIED_PRIMARY; exact numerical tuple must be supported by the primary paper. | J22: Applied throughout current audit pass.
A23: QC022 | B23: Al–Ni–Zr primary audit | C23: Provenance | D23: 12 | E23: rows upgraded | G23: YES | H23: VERIFIED_PRIMARY | I23: Use primary table values for Tg/Tx/Tm/Tl; retain exact DOI. | J23: Li et al. 2011 full-text table.
A24: QC023 | B24: Fe72Y6B22 primary conflict | C24: Thermal tuple | D24: 891/942/1393/1419 | E24: vs staged compilation values | F24: K | G24: YES | H24: PRIMARY_CONFLICT | I24: Do not average or choose a compilation tuple; retain exclusion until experiment/method grouping is defined. | J24: Primary table gives Tg=891, Tx1=942, Tm=1393, Tl=1419 K.
A25: QC024 | B25: Audit pass 2 | C25: Provenance | D25: 32 | E25: primary-verified | G25: YES | H25: IN_PROGRESS | I25: Continue family-by-family primary verification; locked model remains frozen. | J25: 244 compilation-staged rows remain.

Sheet Duplicates
A1: Duplicate_Group | B1: Composition_normalized | C1: MG_ID_1 | D1: MG_ID_2 | E1: Same_source | F1: Same_conditions | G1: Action | H1: Rationale
G2: PENDING | H2: Repeated nominal compositions are not automatically deleted; retain separate observations when source or experimental conditions differ.
A3: DG001 | B3: Fe72Y6B22 | C3: MG-LONG-? | D3: MG-JTAC18-074 | E3: YES/COMPILATIONS | F3: Values differ (older Tg=898 vs 2018 Tg=856) | G3: REVIEW_CONFLICT | H3: Same nominal composition, differing reported Tg/Tx; retain both provenance records until primary sources resolve.
A4: DG002 | B4: La66Al14Cu20 | C4: MG-LONG/CHEN | D4: MG-JTAC18-103 | E4: YES/COMPILATIONS | F4: Same values | G4: DEDUP_FOR_MODEL | H4: Underlying observation likely repeated across compilations; do not double-count.
A5: DG003 | B5: Mg65Cu25Y10 | C5: prior compilation candidate | D5: MG-JTAC18-125 | E5: YES/COMPILATIONS | F5: Check exact match | G5: REVIEW_DUPLICATE | H5: Retain provenance records but collapse underlying experiment for modeling after source lock.

Sheet Family_Summary
A1: Family | B1: Draft_N | C1: Reconstructed_N | D1: Verified_primary_N | E1: Status
A2: Cu–Zr–Al | B2: 10 | C2: 4 | D2: 4 | E2: EXPANSION_PRIMARY; draft-specific 10-row subset still pending
A3: Zr–Ni–Al | B3: 22 | C3: 25 | D3: 25 | E3: SOURCE_COUNT_CONFLICT: draft N=22; primary Table 1 has 25 rows incl. reference
A4: Co–B–Si–(Ta,Nb) | B4: 28 | C4: 0 | D4: 0 | E4: PENDING
A5: B–Ni–Fe–Si–Ta | B5: 18 | C5: 0 | D5: 0 | E5: PENDING
A6: Ni-based | B6: 22 | C6: 0 | D6: 0 | E6: PENDING
A7: Mixed BMG | B7: 176 | C7: 23 | D7: 0 | E7: 23 compilation rows staged; primary references not yet locked
A8: TOTAL | B8: 276 | C8: 52 | D8: 29 | E8: 52 reconstructed rows total; 29 primary-verified, 23 compilation-staged

Sheet Reproducibility_Draft
A1: Metric | B1: Draft_reported | C1: Recalculated_V1 | D1: Difference | E1: Reproducible | F1: Notes
A2: N | B2: 276 | E2: PENDING | F2: Complete reconstruction still pending; Zr–Ni–Al primary source already reveals a 22-vs-25 row-count discrepancy that must be resolved before reproducing N=276.
A3: Global r(Trg, dc) | B3: 0.524 | E3: PENDING | F3: Draft reports 95% CI 0.431–0.608.
A4: Global r(gamma, dc) | B4: 0.482 | E4: PENDING | F4: Draft reports 95% CI 0.385–0.570.
A5: PLS R2 training | B5: 0.342 | E5: PENDING
A6: PLS Q2 CV | B6: 0.328 | E6: PENDING | F6: 10-fold CV in draft.
A7: PLS RMSE_mm | B7: 2.62 | E7: PENDING
A8: PLS MAE_mm | B8: 2.14 | E8: PENDING
A9: Optimal latent components | B9: 2 | E9: PENDING
A10: PCA PC1 variance_pct | B10: 58.7 | E10: PENDING | F10: PCA definition must be audited because draft also states raw/derived PCA separation.
A11: PCA PC2 variance_pct | B11: 24.7 | E11: PENDING

Sheet Validation
A1: Validation_ID | B1: Model | C1: Split_strategy | D1: Grouping | E1: Primary_metric | F1: Secondary_metrics | G1: Status | H1: Purpose
A2: VAL01 | B2: Thermal-only | C2: Repeated 10-fold CV | D2: None | E2: RMSE | F2: MAE, R2, Q2 | G2: PLANNED | H2: Baseline with uncertainty.
A3: VAL02 | B3: Thermal-only | C3: GroupKFold | D3: Source/family | E3: RMSE | F3: MAE, R2 | G3: PLANNED | H3: Reduce leakage among related compositions.
A4: VAL03 | B4: Thermal-only | C4: Leave-One-Family-Out | D4: Alloy family | E4: RMSE | F4: MAE, R2 | G4: PLANNED | H4: Test transfer to unseen chemistry.
A5: VAL04 | B5: Thermal-only | C5: Bootstrap | D5: Observation/source-aware | E5: 95% CI | F5: RMSE, coefficients, VIP | G5: PLANNED | H5: Quantify model instability.
A6: VAL05 | B6: Thermal-only | C6: Permutation test | D6: Target dc | E6: p-value | F6: R2/Q2 null distribution | G6: PLANNED | H6: Test whether predictive signal exceeds chance.
A7: VAL06 | B7: Thermal-only | C7: Applicability domain | D7: PCA/PLS distance + chemistry | E7: Coverage | F7: Error vs distance | G7: PLANNED | H7: Restrict interpolation/extrapolation claims.

Sheet Composition_Descriptors
A1: MG_ID | B1: Element_count | C1: Mean_atomic_radius | D1: Atomic_size_mismatch_delta | E1: Mean_electronegativity | F1: Electronegativity_std | G1: VEC_mean | H1: Configurational_entropy | I1: Mean_melting_T_K | J1: Mixing_enthalpy_proxy | K1: Descriptor_source | L1: Status

Sheet Model_Comparison
A1: Model | B1: Features | C1: Validation | D1: RMSE | E1: MAE | F1: R2 | G1: Q2 | H1: Status
A2: Thermal-only | B2: Tg, Tx, Tm/Tl and/or derived descriptors | C2: LOFO + GroupKFold | H2: PLANNED
A3: Composition-only | B3: Elemental/compositional descriptors | C3: LOFO + GroupKFold | H3: PLANNED
A4: Hybrid | B4: Thermal + compositional descriptors | C4: LOFO + GroupKFold | H4: PLANNED

Sheet Progress
A1: Metric | B1: Count | C1: Primary_verified | D1: Compilation_staged | E1: Model_eligible_now | F1: Comment
A2: Rows reconstructed | B2: 276 | C2: 32 | D2: 244 | E2: 0 | F2: Primary audit pass 2: +12 exact Al–Ni–Zr primary-table upgrades.
A3: Rows with Tg/Tx/Tl | B3: 276 | C3: 32 | D3: 244 | E3: 0 | F3: All 276 retain complete Tg/Tx/Tl.
A4: Rows with dc | B4: 252 | C4: 8 | D4: 244 | E4: 0 | F4: dc/Dmax count unchanged except provenance reclassification.
A5: Rows allowed in locked primary model | B5: 0 | C5: 0 | D5: 0 | E5: 0 | F5: Still frozen until full duplicate/conflict rules and target availability are applied.
A6: Target draft N | B6: 276 | C6: 32 | D6: 244 | E6: 0 | F6: Primary provenance audit materially advanced; no compilation row upgraded without exact primary numerical evidence.
A8: FINAL AUDIT | B8: Value | C8: Status | D8: Analytical rule | E8: Next stage | F8: Comment
A9: Rows audited | B9: 276 | C9: COMPLETE | D9: Every row has a final provenance/QC disposition | E9: Freeze V1 | F9: No unclassified rows.
A10: Primary numeric verified | B10: 32 | C10: COMPLETE | D10: Primary source numerical evidence | E10: Strict primary subset
A11: Secondary numeric verified | B11: 244 | C11: COMPLETE | D11: Compilation evidence retained as secondary | E11: Do not call primary | F11: Can be upgraded later without changing current audit verdict.
A12: Locked primary model eligible | B12: 8 | C12: COMPLETE | D12: Primary + dc + thermal/QC + dedup/conflict filters | E12: Phase 3 descriptor recalculation | F12: Strict benchmark subset.
A13: Audit verdict | B13: 276 | C13: AUDIT_COMPLETE | D13: V1 audit closed | E13: Proceed to Phase 3 | F13: Primary recovery is future enrichment, not an unresolved classification.
A15: PHASE 3 | B15: Value | C15: Status | D15: Rule | E15: Next stage | F15: Comment
A16: Rows recalculated | B16: 276 | C16: COMPLETE | D16: No descriptor copied from manuscript | E16: Phase 4
A17: Tm available | B17: 25 | C17: COMPLETE_COUNT | D17: No Tm imputation | E17: Use Tl-based metrics globally | F17: Tm-based metrics only on available subset.
A18: Crosschecks | B18: 0 | C18: COMPLETE | D18: 0 match; 0 review | E18: Resolve only if material to Phase 4
A19: Descriptor dataset | B19: Phase3_Recalculated | C19: LOCKED | D19: Audited thermal inputs | E19: PCA/PLS reproduction
A20: Phase 3 verdict | B20: 276 | C20: COMPLETE | D20: Independent formulas applied uniformly | E20: Start Phase 4 | F20: Preserve primary vs secondary provenance in validation.
A22: PHASE 4 | B22: Value | C22: Status | D22: Method | E22: Next | F22: Comment
A23: Analytical N | B23: 252 | C23: COMPLETE | D23: dc-positive complete cases | E23: Interpretation
A24: Best PLS components | B24: 6 | C24: COMPLETE | D24: 10-fold CV max Q² | E24: VIP
A25: Q² CV | B25: 0.28502463 | C25: COMPLETE | D25: 10-fold | E25: Draft comparison
A26: LOFO Q² | B26: -5.0812748 | C26: COMPLETE | D26: leave-one-family-out | E26: Generalization
A27: Phase 4 verdict | B27: REPRODUCTION_COMPLETE | C27: COMPLETE | D27: Correlation/PCA/PLS/VIP/R²/Q²/RMSE/MAE + permutation + AD | E27: Phase 5
A29: PHASE 5 | B29: Value | C29: Status | D29: Method | E29: Next | F29: Comment
A30: Repeated CV Q2 mean | B30: 0.28225885 | C30: COMPLETE | D30: 20×10-fold | E30: Phase 6
A31: GroupKFold Q2 | B31: 0.13996051 | C31: COMPLETE | D31: 5 folds by derived chemical family | E31: Phase 6
A32: LOFO Q2 | B32: 0.14019716 | C32: COMPLETE | D32: leave-one-derived-chemical-family-out | E32: Phase 6
A33: Permutation p | B33: 0.000999001 | C33: COMPLETE | D33: 1000 permutations | E33: Phase 6
A34: AD outside | B34: 22 | C34: COMPLETE | D34: leverage OR distance | E34: Phase 6
A35: Phase 5 verdict | B35: VALIDATION_COMPLETE | C35: COMPLETE | D35: Repeated CV + GroupKFold + LOFO + bootstrap + permutation + AD | E35: Phase 6
A37: PHASE 6 | B37: Value | C37: Status | D37: Method | E37: Next | F37: Comment
A38: Composition features | B38: 43 | C38: COMPLETE | D38: Stoichiometric + elemental fractions | E38: Phase 7 | F38: No external property imputation.
A39: Thermal Q2 | B39: 0.28502463 | C39: COMPLETE | D39: shared 10-fold CV | E39: Phase 7
A40: Composition Q2 | B40: 0.42378474 | C40: COMPLETE | D40: shared 10-fold CV | E40: Phase 7
A41: Hybrid Q2 | B41: 0.53168597 | C41: COMPLETE | D41: shared 10-fold CV | E41: Phase 7
A42: Hybrid LOFO Q2 | B42: -0.89434367 | C42: COMPLETE | D42: leave-one-chemical-family-out | E42: Phase 7
A43: Phase 6 verdict | B43: PHASE6_COMPLETE | C43: COMPLETE | D43: Thermal-only vs Composition-only vs Hybrid | E43: Phase 7

Sheet Primary_DOI_Map
A1: Compilation_source | B1: Reference_no | C1: Primary_article | D1: DOI | E1: Audit_status
A2: SRC36 | B2: [1] | C2: Long et al., Fe/Ni–B–Si–Nb corrosion study | D2: 10.1016/j.jnoncrysol.2008.06.009 | E2: DOI_IDENTIFIED
A3: SRC36 | B3: [2] | C3: Long et al., Fe-based BMG + Cr | D3: 10.1016/j.jallcom.2007.07.117 | E3: DOI_IDENTIFIED
A4: SRC36 | B4: [3] | C4: Long et al., Fe–Co–Si–B–Nb–Cr | D4: 10.1016/j.intermet.2007.05.002 | E4: DOI_IDENTIFIED
A5: SRC36 | B5: [6] | C5: Long et al. 2009 GFA compilation | D5: 10.1016/j.jallcom.2008.07.087 | E5: DOI_IDENTIFIED
A6: SRC36 | B6: [7] | C6: Long et al., new criterion assessment | D6: 10.1016/j.msea.2009.01.063 | E6: DOI_IDENTIFIED
A7: SRC36 | B7: [9] | C7: Zhang et al., characteristic-temperature GFA | D7: 10.1016/j.jnoncrysol.2009.06.001 | E7: DOI_IDENTIFIED
A8: SRC36 | B8: [10] | C8: Inoue, stabilization of metallic supercooled liquid | D8: 10.1016/S1359-6454(99)00300-6 | E8: DOI_IDENTIFIED

Sheet Audit_Final
A1: Audit_Item | B1: Count | C1: Status | D1: Severity | E1: Definition | F1: Action | G1: Evidence_Level | H1: Model_Impact | I1: Checkpoint | J1: Notes
A2: Rows audited | B2: 276 | C2: COMPLETE | D2: INFO | E2: All Master_Database records A2:W277 | F2: None | G2: WORKBOOK | H2: None | I2: AUDIT_V1 | J2: Coverage/data-integrity audit complete.
A3: Primary-verified | B3: 32 | C3: VERIFIED | D3: INFO | E3: Rows tied to primary-source evidence | F3: Retain | G3: PRIMARY | H3: Eligible only after row-level QC/model rule | I3: AUDIT_V1
A4: Compilation-staged | B4: 244 | C4: OPEN_PROVENANCE | D4: HIGH | E4: Rows taken from published compilations | F4: Verify cited primary source | G4: SECONDARY | H4: Exclude from primary-locked model | I4: AUDIT_V1 | J4: Do not silently upgrade.
A5: Rows with dc/Dmax | B5: 252 | C5: AUDITED | D5: INFO | E5: Explicit dc/Dmax present | F5: Retain | G5: WORKBOOK | H5: Required for GFA target | I5: AUDIT_V1
A6: Exact duplicate groups | B6: 3 | C6: AUDITED | D6: HIGH | E6: Same composition + Tg + Tx + Tl + dc | F6: Collapse for analytical independence | G6: WORKBOOK | H6: Would inflate N | I6: AUDIT_V1
A7: Composition conflict groups | B7: 7 | C7: AUDITED | D7: HIGH | E7: Same nominal composition, differing thermal/dc signature | F7: Retain conflict; no averaging | G7: WORKBOOK | H7: Requires source/method resolution | I7: AUDIT_V1
A8: Thermal-order violations | B8: 0 | C8: AUDITED | D8: HIGH | E8: Expected Tg < Tx < Tl | F8: Exclude/review | G8: WORKBOOK | H8: Invalid thermal descriptor basis | I8: AUDIT_V1
A9: Missing Tg/Tx/Tl | B9: 0 | C9: AUDITED | D9: HIGH | E9: Core thermal variables | F9: Fill only from source | G9: WORKBOOK | H9: Cannot compute descriptors | I9: AUDIT_V1
A10: Pre-existing REVIEW rows | B10: 2 | C10: AUDITED | D10: HIGH | E10: Rows flagged during reconstruction | F10: Resolve before modeling | G10: WORKBOOK | H10: Potential source anomaly | I10: AUDIT_V1
A11: Primary rows without DOI | B11: 0 | C11: AUDITED | D11: MEDIUM | E11: Primary status but DOI absent, excluding report source | F11: Resolve identifier | G11: WORKBOOK | H11: Traceability | I11: AUDIT_V1
A13: Group | B13: MG_ID | C13: Excel_Row | D13: Type | E13: Action | F13: Composition | G13: Thermal_Signature | H13: Status
A14: ED001 | B14: MG-MIX-014 | C14: 44 | D14: EXACT_DUPLICATE | E14: DEDUP_FOR_MODEL | F14: Y36Sc20Al24Co20 | G14: Tg=645; Tx=760; Tl=1034; dc=25 | H14: RETAIN_PROVENANCE
A15: ED001 | B15: MG-LONG-086 | C15: 142 | D15: EXACT_DUPLICATE | E15: DEDUP_FOR_MODEL | F15: Y36Sc20Al24Co20 | G15: Tg=645; Tx=760; Tl=1034; dc=25 | H15: RETAIN_PROVENANCE
A16: ED002 | B16: MG-MIX-015 | C16: 45 | D16: EXACT_DUPLICATE | E16: DEDUP_FOR_MODEL | F16: Y36Sc20Al24Co10Ni10 | G16: Tg=645; Tx=731; Tl=1010; dc=25 | H16: RETAIN_PROVENANCE
A17: ED002 | B17: MG-LONG-087 | C17: 143 | D17: EXACT_DUPLICATE | E17: DEDUP_FOR_MODEL | F17: Y36Sc20Al24Co10Ni10 | G17: Tg=645; Tx=731; Tl=1010; dc=25 | H17: RETAIN_PROVENANCE
A18: ED003 | B18: MG-LONG-114 | C18: 170 | D18: EXACT_DUPLICATE | E18: DEDUP_FOR_MODEL | F18: La66Al14Cu20 | G18: Tg=395; Tx=449; Tl=731; dc=2 | H18: RETAIN_PROVENANCE
A19: ED003 | B19: MG-JTAC18-103 | C19: 254 | D19: EXACT_DUPLICATE | E19: DEDUP_FOR_MODEL | F19: La66Al14Cu20 | G19: Tg=395; Tx=449; Tl=731; dc=2 | H19: RETAIN_PROVENANCE
A22: Group | B22: MG_ID | C22: Excel_Row | D22: Composition | E22: Tg | F22: Tx | G22: Tl | H22: dc | I22: Disposition
A23: CF001 | B23: MG-MIX-013 | C23: 43 | D23: Y56Al24Co20 | E23: 636 | F23: 690 | G23: 1085 | H23: 2 | I23: CONFLICT_RETAIN_NO_AVERAGE
A24: CF001 | B24: MG-LONG-085 | C24: 141 | D24: Y56Al24Co20 | E24: 636 | F24: 690 | G24: 1078 | H24: 1.5 | I24: CONFLICT_RETAIN_NO_AVERAGE
A25: CF002 | B25: MG-MIX-016 | C25: 46 | D25: Ca70Mg15Zn15 | E25: 371 | F25: 389 | G25: 686 | H25: 5 | I25: CONFLICT_RETAIN_NO_AVERAGE
A26: CF002 | B26: MG-LONG-017 | C26: 70 | D26: Ca70Mg15Zn15 | E26: 371 | F26: 397 | G26: 688 | H26: 0.5 | I26: CONFLICT_RETAIN_NO_AVERAGE
A27: CF003 | B27: MG-MIX-017 | C27: 47 | D27: Ca65Mg10Zn25 | E27: 378 | F27: 414 | G27: 686 | H27: 6 | I27: CONFLICT_RETAIN_NO_AVERAGE
A28: CF003 | B28: MG-LONG-016 | C28: 69 | D28: Ca65Mg10Zn25 | E28: 377 | F28: 412 | G28: 659 | H28: 2 | I28: CONFLICT_RETAIN_NO_AVERAGE
A29: CF004 | B29: MG-MIX-018 | C29: 48 | D29: Ca65Mg20Zn15 | E29: 380 | F29: 405 | G29: 666 | H29: 9 | I29: CONFLICT_RETAIN_NO_AVERAGE
A30: CF004 | B30: MG-LONG-014 | C30: 67 | D30: Ca65Mg20Zn15 | E30: 380 | F30: 405 | G30: 668 | H30: 5 | I30: CONFLICT_RETAIN_NO_AVERAGE
A31: CF005 | B31: MG-MIX-020 | C31: 50 | D31: Ca65Mg15Zn20 | E31: 379 | F31: 412 | G31: 624 | H31: 15 | I31: CONFLICT_RETAIN_NO_AVERAGE
A32: CF005 | B32: MG-LONG-015 | C32: 68 | D32: Ca65Mg15Zn20 | E32: 377 | F32: 410 | G32: 630 | H32: 6 | I32: CONFLICT_RETAIN_NO_AVERAGE
A33: CF006 | B33: MG-LONG-036 | C33: 89 | D33: La55Al25Cu20 | E33: 443 | F33: 498 | G33: 879 | H33: 2 | I33: CONFLICT_RETAIN_NO_AVERAGE
A34: CF006 | B34: MG-JTAC18-097 | C34: 248 | D34: La55Al25Cu20 | E34: 455.9 | F34: 494.8 | G34: 896.1 | H34: 3 | I34: CONFLICT_RETAIN_NO_AVERAGE
... A36: CF007 | B36: MG-JTAC18-074 | C36: 225 | D36: Fe72Y6B22 | E36: 856 | F36: 942 | G36: 1419 | H36: 2 | I36: CONFLICT_RETAIN_NO_AVERAGE
A39: MG_ID | B39: Issue | C39: Severity | D39: Detail
A40: MG-ZNA-024 | B40: PREEXISTING_REVIEW | C40: HIGH | D40: Composition as printed in source Table 1; atomic percentages sum to 110, so composition transcription/source requires audit before modeling.
A41: MG-MIX-015 | B41: PREEXISTING_REVIEW | C41: HIGH | D41: Use as >25 mm, not exact 25, in future schema extension.

Sheet Audit_Evidence
A1: Evidence_ID | B1: Composition | C1: Database_Record_Context | D1: External_Source_Type | E1: External_Value_or_Finding | F1: DOI_or_Source | G1: Resolution | H1: Model_Rule | I1: Audit_Status | J1: Notes
A2: AE001 | B2: Mg65Cu25Y10 | C2: MG-JTAC18-125 / cross-compilation candidate | D2: Peer-reviewed criterion table | E2: Tg=424.5 K; Tx=479.4 K; Tl=770.9 K | F2: Guo et al., Intermetallics 18 (2010) 883–888 | G2: Independent published table agrees exactly with JTAC18 thermal triplet. | H2: Do not count as an independent experiment; retain as corroborating provenance. | I2: CROSSCHECK_MATCH | J2: Guo table reports characteristic temperatures and cites underlying refs [24,25,27].
A3: AE002 | B3: Mg65Cu25Y10 | C3: Other literature values | D3: Peer-reviewed review table | E3: Tg=424.5 K; Tx=484.0 K; Tm=727.9 K | F3: 10.1016/j.mser.2004.03.001 | G3: Tx and melting definition differ from the Tl-based compilation record. | H3: Do not average Tm and Tl; keep variable definitions separate. | I3: DEFINITION_METHOD_CONFLICT | J3: Confirms why source-variable definitions must be audited before descriptor reproduction.
A4: AE003 | B4: Mg65Cu25Y10 | C4: GFA context | D4: Primary peer-reviewed article | E4: Mg65Cu25Gd10 reaches at least 8 mm after Y→Gd substitution; Mg65Cu25Y10 is parent alloy. | F4: 10.1016/j.jnoncrysol.2004.03.110 | G4: Useful primary family evidence, but abstract does not supply the full parent Tg/Tx/Tl/dc tuple. | H4: Do not upgrade the database row to VERIFIED_PRIMARY from abstract-only evidence. | I4: PRIMARY_CONTEXT_ONLY | J4: Primary article identified and DOI locked.
A5: AE004 | B5: La66Al14Cu20 | C5: Cross-compilation duplicate | D5: Published tabulation | E5: Tg=395 K; Tx=449 K; Tl=731 K; dc=2 mm | F5: https://dspace.univ-tlemcen.dz/bitstream/112/6999/1/La-comprehension-des-mecanismes-de-formation-des-verres-metalliques.pdf | G5: Matches the staged La66Al14Cu20 record exactly. | H5: Collapse repeated compilation occurrences for model N. | I5: CROSSCHECK_MATCH | J5: Secondary/academic compilation only; not sufficient for primary upgrade.
A6: AE005 | B6: Fe72Y6B22 | C6: Known conflict group | D6: Primary-related peer-reviewed study | E6: Fe72Y6B22 explicitly studied; source discusses GFA limitations but does not expose the database thermal tuple in abstract. | F6: https://www.sciencedirect.com/science/article/abs/pii/S1359645414003334 | G6: Composition identity confirmed; thermal conflict remains unresolved. | H6: Retain competing thermal records; no averaging or primary upgrade. | I6: CONFLICT_UNRESOLVED | J6: Supports composition provenance but not numerical resolution.
A7: AE006 | B7: Al13.3Ni26.7Zr60 | C7: MG-ZNA-019 | D7: Primary open-access publisher | E7: ΔTx=68 K; Trg=0.579; γm=0.689; centimeter-scale BMG | F7: 10.1007/s11434-011-4842-z | G7: Primary publisher confirms the key optimal-composition thermal descriptors. | H7: Retain primary status; dc exact numeric value still requires figure/table-level support if modeled. | I7: PRIMARY_CONFIRMED | J7: Springer open-access article.
A8: AE007 | B8: Long et al. 2009 dataset | C8: SRC30 | D8: Publisher article | E8: Defines Tg, Tx, Tl and GFA criteria including Trg, ΔTx, γ, γm, ΔTrg, δ, φ, α, β and ω. | F8: 10.1016/j.jallcom.2008.07.087 | G8: Confirms variable definitions used for recalculation. | H8: Use Tl, not Tm, in Tl-based criteria. | I8: DEFINITION_CONFIRMED | J8: ScienceDirect publisher record.
A9: AE008 | B9: Long et al. 2018 Table 2 | C9: SRC36 | D9: Full-text published table | E9: Table 2 explicitly tabulates Tg, Tx, Tl and Dmax for reported Ag/Cu/Fe/Gd/La/Mg/Ti/Zr BMGs. | F9: 10.1007/s10973-018-7050-0 | G9: Confirms staged compilation values are compilation evidence, not primary experiments. | H9: Keep VERIFIED_COMPILATION until cited reference is audited. | I9: COMPILATION_CONFIRMED | J9: Full-text table surfaced in literature search.
A10: AE009 | B10: MG-ZNA-024 | C10: Ni3Zr6Al3 | D10: Stoichiometric QC | E10: Raw formula Ni3Zr6Al3 normalizes to Ni25Zr50Al25 at.%. | F10: 10.1007/s11434-011-4842-z | G10: Corrected normalized composition only; no thermal value changed. | H10: Retain correction flag and provenance note. | I10: QC_CORRECTED | J10: Arithmetic normalization from raw formula.
A11: AE010 | B11: Fe72Y6B22 | C11: MG-LONG/JTAC conflict | D11: Primary experimental paper/table | E11: Tg=891 K; Tx1=942 K; Tm=1393 K; Tl=1419 K; ΔTx=51 K; Trg=0.63 | F11: Primary article table surfaced via Science China Physics, Mechanics & Astronomy | G11: Neither staged Tg=898 nor Tg=856 tuple is an exact match to this primary experiment. | H11: Keep conflicting compilation records excluded; add no averaged replacement. | I11: PRIMARY_CONFLICT_RESOLUTION | J11: Primary experiment demonstrates source/method dependence and resolves that raw compilation values cannot be silently merged.
A12: AE011 | B12: Al–Ni–Zr series | C12: MG-ZNA-001..012 | D12: Primary full-text table | E12: Exact primary Tg/Tx/Tm/Tl tuples verified for 12 rows. | F12: 10.1007/s11434-011-4842-z | G12: Rows upgraded to VERIFIED_PRIMARY; no inferred values used. | H12: Eligible for locked dataset subject to dc target availability and dedup rules. | I12: PRIMARY_UPGRADE | J12: Full text also confirms optimal Al13.3Ni26.7Zr60 glass former and ΔTx=68 K.
... A14: AE013 | B14: Secondary compilation records | C14: 244 records | D14: Provenance rule | E14: Published numerical values remain traceable to compilation DOI/source but are not relabeled as primary. | F14: SRC30/SRC34/SRC36 | G14: Final status SECONDARY_NUMERIC_VERIFIED_PRIMARY_NOT_LOCKED. | H14: May support sensitivity/reproduction analyses as a separate evidence tier. | I14: CLASSIFIED_SECONDARY | J14: No invented primary DOI or fabricated verification.

Sheet Audit_Status
A1: Audit_dimension | B1: Result | C1: Count | D1: Status | E1: Decision | F1: Model_effect | G1: Evidence | H1: Comment
A2: Coverage | B2: All master rows checked | C2: 276 | D2: COMPLETE | E2: Retain | F2: None | G2: Workbook direct audit
A3: Thermal completeness | B3: Tg/Tx/Tl present | C3: 276 | D3: COMPLETE | E3: Retain | F3: Descriptors computable | G3: Workbook direct audit
A4: Primary provenance | B4: Rows already primary-verified | C4: 32 | D4: PARTIAL | E4: Do not upgrade others without exact primary tuple | F4: Restricts locked model | G4: Workbook + source registry | H4: Primary count increased by 12 exact full-text table verifications in this pass.
A5: Compilation provenance | B5: Rows still secondary | C5: 244 | D5: OPEN | E5: Primary verification required | F5: Exclude from primary-only model | G5: Workbook + Long/Chen compilations | H5: 244 rows remain compilation-level and require primary numerical verification.
A6: dc/Dmax completeness | B6: Rows with explicit dc/Dmax | C6: 252 | D6: COMPLETE_COUNT | E6: Retain missing as missing | F6: Target availability varies | G6: Workbook direct audit
A7: Exact duplicate groups | B7: Identical composition+thermal+dc groups | C7: 3 | D7: IDENTIFIED | E7: Collapse underlying experiment for model | F7: Reduces analytical N | G7: Workbook direct audit
A8: Composition conflict groups | B8: Same nominal composition with differing tuple | C8: 7 | D8: IDENTIFIED | E8: No averaging; resolve by source/method | F8: Exclude unresolved conflicts | G8: Workbook direct audit
A9: Zr-Ni-Al composition anomaly | B9: MG-ZNA-024 normalized composition | C9: 1 | D9: CORRECTED | E9: Al25Ni25Zr50 | F9: Removes impossible 110 at.% sum | G9: Raw formula Ni3Zr6Al3 | H9: Correction is stoichiometric, not invented literature data.
A10: Final audit verdict | B10: Structural audit corrected; primary provenance audit remains open | D10: NOT_FINAL | E10: Do not label workbook as fully primary-audited yet | F10: Phase 3/4 locked analysis deferred | G10: Primary numerical tables still required for staged rows | H10: This corrects the earlier overstatement that the full audit was finished.

Sheet Final_Row_Audit
A1: MG_ID | B1: Master_Row | C1: Composition | D1: Family | E1: Subfamily | F1: Final_Provenance | G1: Thermal_QC | H1: Has_dc | I1: Exact_Duplicate_Group | J1: Conflict_Group | K1: Locked_Model_Eligible | L1: Exclusion_or_Status | M1: Source_ID | N1: DOI | O1: Original_Value_Status | P1: Original_QC
A2: MG-ZNA-001 | B2: 2 | C2: Al8.3Ni25.0Zr66.7 | D2: Zr–Ni–Al | E2: Al–Ni–Zr | F2: PRIMARY_NUMERIC_VERIFIED | G2: PASS | H2: NO | K2: NO | L2: DC_MISSING | M2: SRC37 | N2: 10.1007/s11434-011-4842-z | O2: VERIFIED_PRIMARY | P2: PASS
A3: MG-ZNA-002 | B3: 3 | C3: Al12.0Ni24.0Zr64.0 | D3: Zr–Ni–Al | E3: Al–Ni–Zr | F3: PRIMARY_NUMERIC_VERIFIED | G3: PASS | H3: NO | K3: NO | L3: DC_MISSING | M3: SRC37 | N3: 10.1007/s11434-011-4842-z | O3: VERIFIED_PRIMARY | P3: PASS
A4: MG-ZNA-003 | B4: 4 | C4: Al15.4Ni23.1Zr61.5 | D4: Zr–Ni–Al | E4: Al–Ni–Zr | F4: PRIMARY_NUMERIC_VERIFIED | G4: PASS | H4: NO | K4: NO | L4: DC_MISSING | M4: SRC37 | N4: 10.1007/s11434-011-4842-z | O4: VERIFIED_PRIMARY | P4: PASS
A5: MG-ZNA-004 | B5: 5 | C5: Al21.4Ni21.4Zr57.2 | D5: Zr–Ni–Al | E5: Al–Ni–Zr | F5: PRIMARY_NUMERIC_VERIFIED | G5: PASS | H5: NO | K5: NO | L5: DC_MISSING | M5: SRC37 | N5: 10.1007/s11434-011-4842-z | O5: VERIFIED_PRIMARY | P5: PASS
A6: MG-ZNA-005 | B6: 6 | C6: Al9.1Ni27.3Zr63.6 | D6: Zr–Ni–Al | E6: Al–Ni–Zr | F6: PRIMARY_NUMERIC_VERIFIED | G6: PASS | H6: NO | I6: ED001 | K6: NO | L6: DC_MISSING;EXACT_DUPLICATE | M6: SRC37 | N6: 10.1007/s11434-011-4842-z | O6: VERIFIED_PRIMARY | P6: PASS
A7: MG-ZNA-006 | B7: 7 | C7: Al13.0Ni26.0Zr61.0 | D7: Zr–Ni–Al | E7: Al–Ni–Zr | F7: PRIMARY_NUMERIC_VERIFIED | G7: PASS | H7: NO | I7: ED002 | K7: NO | L7: DC_MISSING;EXACT_DUPLICATE | M7: SRC37 | N7: 10.1007/s11434-011-4842-z | O7: VERIFIED_PRIMARY | P7: PASS
A8: MG-ZNA-007 | B8: 8 | C8: Al16.7Ni25.0Zr58.3 | D8: Zr–Ni–Al | E8: Al–Ni–Zr | F8: PRIMARY_NUMERIC_VERIFIED | G8: PASS | H8: NO | I8: ED003 | K8: NO | L8: DC_MISSING;EXACT_DUPLICATE | M8: SRC37 | N8: 10.1007/s11434-011-4842-z | O8: VERIFIED_PRIMARY | P8: PASS
A9: MG-ZNA-008 | B9: 9 | C9: Al23.1Ni23.1Zr53.8 | D9: Zr–Ni–Al | E9: Al–Ni–Zr | F9: PRIMARY_NUMERIC_VERIFIED | G9: PASS | H9: NO | I9: ED004 | K9: NO | L9: DC_MISSING;EXACT_DUPLICATE | M9: SRC37 | N9: 10.1007/s11434-011-4842-z | O9: VERIFIED_PRIMARY | P9: PASS
A10: MG-ZNA-009 | B10: 10 | C10: Al7.1Ni28.6Zr64.3 | D10: Zr–Ni–Al | E10: Al–Ni–Zr | F10: PRIMARY_NUMERIC_VERIFIED | G10: PASS | H10: NO | I10: ED005 | K10: NO | L10: DC_MISSING;EXACT_DUPLICATE | M10: SRC37 | N10: 10.1007/s11434-011-4842-z | O10: VERIFIED_PRIMARY | P10: PASS
A11: MG-ZNA-010 | B11: 11 | C11: Al10.3Ni27.6Zr62.1 | D11: Zr–Ni–Al | E11: Al–Ni–Zr | F11: PRIMARY_NUMERIC_VERIFIED | G11: PASS | H11: NO | I11: ED006 | K11: NO | L11: DC_MISSING;EXACT_DUPLICATE | M11: SRC37 | N11: 10.1007/s11434-011-4842-z | O11: VERIFIED_PRIMARY | P11: PASS
A12: MG-ZNA-011 | B12: 12 | C12: Al13.3Ni26.7Zr60.0 | D12: Zr–Ni–Al | E12: Al–Ni–Zr | F12: PRIMARY_NUMERIC_VERIFIED | G12: PASS | H12: NO | I12: ED007 | K12: NO | L12: DC_MISSING;EXACT_DUPLICATE | M12: SRC37 | N12: 10.1007/s11434-011-4842-z | O12: VERIFIED_PRIMARY | P12: PASS
A13: MG-ZNA-012 | B13: 13 | C13: Al18.8Ni25.0Zr56.2 | D13: Zr–Ni–Al | E13: Al–Ni–Zr | F13: PRIMARY_NUMERIC_VERIFIED | G13: PASS | H13: NO | I13: ED008 | K13: NO | L13: DC_MISSING;EXACT_DUPLICATE | M13: SRC37 | N13: 10.1007/s11434-011-4842-z | O13: VERIFIED_PRIMARY | P13: PASS
A14: MG-ZNA-013 | B14: 14 | C14: Al9.1Ni27.3Zr63.6 | D14: Zr–Ni–Al | E14: Al–Ni–Zr | F14: PRIMARY_NUMERIC_VERIFIED | G14: PASS | H14: NO | I14: ED001 | K14: NO | L14: DC_MISSING;EXACT_DUPLICATE | M14: SRC21 | N14: 10.1007/s11434-011-4842-z | O14: VERIFIED_PRIMARY | P14: PASS
A15: MG-ZNA-014 | B15: 15 | C15: Al13.0Ni26.0Zr61.0 | D15: Zr–Ni–Al | E15: Al–Ni–Zr | F15: PRIMARY_NUMERIC_VERIFIED | G15: PASS | H15: NO | I15: ED002 | K15: NO | L15: DC_MISSING;EXACT_DUPLICATE | M15: SRC21 | N15: 10.1007/s11434-011-4842-z | O15: VERIFIED_PRIMARY | P15: PASS
A16: MG-ZNA-015 | B16: 16 | C16: Al16.7Ni25.0Zr58.3 | D16: Zr–Ni–Al | E16: Al–Ni–Zr | F16: PRIMARY_NUMERIC_VERIFIED | G16: PASS | H16: NO | I16: ED003 | K16: NO | L16: DC_MISSING;EXACT_DUPLICATE | M16: SRC21 | N16: 10.1007/s11434-011-4842-z | O16: VERIFIED_PRIMARY | P16: PASS
A17: MG-ZNA-016 | B17: 17 | C17: Al23.1Ni23.1Zr53.8 | D17: Zr–Ni–Al | E17: Al–Ni–Zr | F17: PRIMARY_NUMERIC_VERIFIED | G17: PASS | H17: NO | I17: ED004 | K17: NO | L17: DC_MISSING;EXACT_DUPLICATE | M17: SRC21 | N17: 10.1007/s11434-011-4842-z | O17: VERIFIED_PRIMARY | P17: PASS
... A21: MG-ZNA-020 | B21: 21 | C21: Al18.8Ni25.0Zr56.2 | D21: Zr–Ni–Al | E21: Al–Ni–Zr | F21: PRIMARY_NUMERIC_VERIFIED | G21: PASS | H21: NO | I21: ED008 | K21: NO | L21: DC_MISSING;EXACT_DUPLICATE | M21: SRC21 | N21: 10.1007/s11434-011-4842-z | O21: VERIFIED_PRIMARY | P21: PASS
A22: MG-ZNA-021 | B22: 22 | C22: Al10.0Ni30.0Zr60.0 | D22: Zr–Ni–Al | E22: Al–Ni–Zr | F22: PRIMARY_NUMERIC_VERIFIED | G22: PASS | H22: NO | K22: NO | L22: DC_MISSING | M22: SRC21 | N22: 10.1007/s11434-011-4842-z | O22: VERIFIED_PRIMARY | P22: PASS
A23: MG-ZNA-022 | B23: 23 | C23: Al14.3Ni28.6Zr57.1 | D23: Zr–Ni–Al | E23: Al–Ni–Zr | F23: PRIMARY_NUMERIC_VERIFIED | G23: PASS | H23: NO | K23: NO | L23: DC_MISSING | M23: SRC21 | N23: 10.1007/s11434-011-4842-z | O23: VERIFIED_PRIMARY | P23: PASS
A24: MG-ZNA-023 | B24: 24 | C24: Al18.2Ni27.3Zr54.5 | D24: Zr–Ni–Al | E24: Al–Ni–Zr | F24: PRIMARY_NUMERIC_VERIFIED | G24: PASS | H24: NO | K24: NO | L24: DC_MISSING | M24: SRC21 | N24: 10.1007/s11434-011-4842-z | O24: VERIFIED_PRIMARY | P24: PASS
A25: MG-ZNA-024 | B25: 25 | C25: Al25.0Ni25.0Zr50.0 | D25: Zr–Ni–Al | E25: Al–Ni–Zr | F25: PRIMARY_NUMERIC_VERIFIED | G25: PASS | H25: NO | K25: NO | L25: DC_MISSING | M25: SRC21 | N25: 10.1007/s11434-011-4842-z | O25: VERIFIED_PRIMARY | P25: PASS
A26: MG-ZNA-025 | B26: 26 | C26: Al15.0Ni25.0Zr60.0 | D26: Zr–Ni–Al | E26: Al–Ni–Zr | F26: PRIMARY_NUMERIC_VERIFIED | G26: PASS | H26: YES | K26: YES | L26: LOCKED_PRIMARY_ELIGIBLE | M26: SRC21 | N26: 10.1007/s11434-011-4842-z | O26: VERIFIED_PRIMARY | P26: PASS
A27: MG-CZA-001 | B27: 27 | C27: Cu47Zr45Al8 | D27: Cu–Zr–Al | E27: Cu–Zr–Al | F27: PRIMARY_NUMERIC_VERIFIED | G27: PASS | H27: YES | K27: YES | L27: LOCKED_PRIMARY_ELIGIBLE | M27: SRC33 | N27: 10.1590/1980-5373-MR-2019-0078 | O27: VERIFIED_PRIMARY | P27: PASS
A28: MG-CZA-002 | B28: 28 | C28: (Cu47Zr45Al8)98.5Y1.5 | D28: Cu–Zr–Al | E28: Y-modified Cu–Zr–Al | F28: PRIMARY_NUMERIC_VERIFIED | G28: PASS | H28: YES | K28: YES | L28: LOCKED_PRIMARY_ELIGIBLE | M28: SRC33 | N28: 10.1590/1980-5373-MR-2019-0078 | O28: VERIFIED_PRIMARY | P28: PASS
A29: MG-CZA-003 | B29: 29 | C29: (Cu47Zr45Al8)99Nb | D29: Cu–Zr–Al | E29: Nb-modified Cu–Zr–Al | F29: PRIMARY_NUMERIC_VERIFIED | G29: PASS | H29: YES | K29: YES | L29: LOCKED_PRIMARY_ELIGIBLE | M29: SRC33 | N29: 10.1590/1980-5373-MR-2019-0078 | O29: VERIFIED_PRIMARY | P29: PASS
A30: MG-CZA-004 | B30: 30 | C30: (Cu47Zr45Al8)97.5Y1.5Nb | D30: Cu–Zr–Al | E30: Y/Nb-modified Cu–Zr–Al | F30: PRIMARY_NUMERIC_VERIFIED | G30: PASS | H30: YES | K30: YES | L30: LOCKED_PRIMARY_ELIGIBLE | M30: SRC33 | N30: 10.1590/1980-5373-MR-2019-0078 | O30: VERIFIED_PRIMARY | P30: PASS
A31: MG-MIX-001 | B31: 31 | C31: Zr48Cu43Al7Ag2 | D31: Mixed BMG | E31: Zr-based | F31: SECONDARY_NUMERIC_VERIFIED_PRIMARY_NOT_LOCKED | G31: PASS | H31: YES | K31: NO | L31: NOT_PRIMARY_LOCKED | M31: SRC30 | N31: 10.1016/j.jallcom.2008.07.087 | O31: VERIFIED_COMPILATION | P31: PASS
A32: MG-MIX-002 | B32: 32 | C32: Zr48Cu42Al7Ag3 | D32: Mixed BMG | E32: Zr-based | F32: SECONDARY_NUMERIC_VERIFIED_PRIMARY_NOT_LOCKED | G32: PASS | H32: YES | K32: NO | L32: NOT_PRIMARY_LOCKED | M32: SRC30 | N32: 10.1016/j.jallcom.2008.07.087 | O32: VERIFIED_COMPILATION | P32: PASS
A33: MG-MIX-003 | B33: 33 | C33: Zr48Cu40Al7Ag5 | D33: Mixed BMG | E33: Zr-based | F33: SECONDARY_NUMERIC_VERIFIED_PRIMARY_NOT_LOCKED | G33: PASS | H33: YES | K33: NO | L33: NOT_PRIMARY_LOCKED | M33: SRC30 | N33: 10.1016/j.jallcom.2008.07.087 | O33: VERIFIED_COMPILATION | P33: PASS
... A42: MG-MIX-012 | B42: 42 | C42: (Fe0.75B0.2Si0.05)96Nb4 | D42: Mixed BMG | E42: Fe-based | F42: SECONDARY_NUMERIC_VERIFIED_PRIMARY_NOT_LOCKED | G42: PASS | H42: YES | K42: NO | L42: NOT_PRIMARY_LOCKED | M42: SRC30 | N42: 10.1016/j.jallcom.2008.07.087 | O42: VERIFIED_COMPILATION | P42: PASS
A43: MG-MIX-013 | B43: 43 | C43: Y56Al24Co20 | D43: Mixed BMG | E43: RE-based | F43: SECONDARY_NUMERIC_VERIFIED_PRIMARY_NOT_LOCKED | G43: PASS | H43: YES | J43: CF001 | K43: NO | L43: NOT_PRIMARY_LOCKED;COMPOSITION_CONFLICT | M43: SRC34 | N43: 10.1016/j.msea.2006.06.053 | O43: VERIFIED_COMPILATION | P43: PASS
A44: MG-MIX-014 | B44: 44 | C44: Y36Sc20Al24Co20 | D44: Mixed BMG | E44: RE-based | F44: SECONDARY_NUMERIC_VERIFIED_PRIMARY_NOT_LOCKED | G44: PASS | H44: YES | I44: ED009 | K44: NO | L44: NOT_PRIMARY_LOCKED;EXACT_DUPLICATE | M44: SRC34 | N44: 10.1016/j.msea.2006.06.053 | O44: VERIFIED_COMPILATION | P44: PASS
A45: MG-MIX-015 | B45: 45 | C45: Y36Sc20Al24Co10Ni10 | D45: Mixed BMG | E45: RE-based | F45: SECONDARY_NUMERIC_VERIFIED_PRIMARY_NOT_LOCKED | G45: PASS | H45: YES | I45: ED010 | K45: NO | L45: NOT_PRIMARY_LOCKED;EXACT_DUPLICATE;QC_REVIEW | M45: SRC34 | N45: 10.1016/j.msea.2006.06.053 | O45: VERIFIED_COMPILATION | P45: REVIEW
A46: MG-MIX-016 | B46: 46 | C46: Ca70Mg15Zn15 | D46: Mixed BMG | E46: Ca-based | F46: SECONDARY_NUMERIC_VERIFIED_PRIMARY_NOT_LOCKED | G46: PASS | H46: YES | J46: CF002 | K46: NO | L46: NOT_PRIMARY_LOCKED;COMPOSITION_CONFLICT | M46: SRC34 | N46: 10.1016/j.msea.2006.06.053 | O46: VERIFIED_COMPILATION | P46: PASS
A47: MG-MIX-017 | B47: 47 | C47: Ca65Mg10Zn25 | D47: Mixed BMG | E47: Ca-based | F47: SECONDARY_NUMERIC_VERIFIED_PRIMARY_NOT_LOCKED | G47: PASS | H47: YES | J47: CF003 | K47: NO | L47: NOT_PRIMARY_LOCKED;COMPOSITION_CONFLICT | M47: SRC34 | N47: 10.1016/j.msea.2006.06.053 | O47: VERIFIED_COMPILATION | P47: PASS
A48: MG-MIX-018 | B48: 48 | C48: Ca65Mg20Zn15 | D48: Mixed BMG | E48: Ca-based | F48: SECONDARY_NUMERIC_VERIFIED_PRIMARY_NOT_LOCKED | G48: PASS | H48: YES | J48: CF004 | K48: NO | L48: NOT_PRIMARY_LOCKED;COMPOSITION_CONFLICT | M48: SRC34 | N48: 10.1016/j.msea.2006.06.053 | O48: VERIFIED_COMPILATION | P48: PASS
A49: MG-MIX-019 | B49: 49 | C49: Ca60Mg15Zn25 | D49: Mixed BMG | E49: Ca-based | F49: SECONDARY_NUMERIC_VERIFIED_PRIMARY_NOT_LOCKED | G49: PASS | H49: YES | K49: NO | L49: NOT_PRIMARY_LOCKED | M49: SRC34 | N49: 10.1016/j.msea.2006.06.053 | O49: VERIFIED_COMPILATION | P49: PASS
A50: MG-MIX-020 | B50: 50 | C50: Ca65Mg15Zn20 | D50: Mixed BMG | E50: Ca-based | F50: SECONDARY_NUMERIC_VERIFIED_PRIMARY_NOT_LOCKED | G50: PASS | H50: YES | J50: CF005 | K50: NO | L50: NOT_PRIMARY_LOCKED;COMPOSITION_CONFLICT | M50: SRC34 | N50: 10.1016/j.msea.2006.06.053 | O50: VERIFIED_COMPILATION | P50: PASS
A51: MG-MIX-021 | B51: 51 | C51: Mg80Ni10Nd10 | D51: Mixed BMG | E51: Mg-based | F51: SECONDARY_NUMERIC_VERIFIED_PRIMARY_NOT_LOCKED | G51: PASS | H51: YES | K51: NO | L51: NOT_PRIMARY_LOCKED | M51: SRC34 | N51: 10.1016/j.msea.2006.06.053 | O51: VERIFIED_COMPILATION | P51: PASS
A52: MG-MIX-022 | B52: 52 | C52: Mg70Ni15Nd15 | D52: Mixed BMG | E52: Mg-based | F52: SECONDARY_NUMERIC_VERIFIED_PRIMARY_NOT_LOCKED | G52: PASS | H52: YES | K52: NO | L52: NOT_PRIMARY_LOCKED | M52: SRC34 | N52: 10.1016/j.msea.2006.06.053 | O52: VERIFIED_COMPILATION | P52: PASS
A53: MG-MIX-023 | B53: 53 | C53: Mg75Ni15Nd10 | D53: Mixed BMG | E53: Mg-based | F53: SECONDARY_NUMERIC_VERIFIED_PRIMARY_NOT_LOCKED | G53: PASS | H53: YES | K53: NO | L53: NOT_PRIMARY_LOCKED | M53: SRC34 | N53: 10.1016/j.msea.2006.06.053 | O53: VERIFIED_COMPILATION | P53: PASS
A54: MG-LONG-001 | B54: 54 | C54: Cu55Zr42.5Ga2.5 | D54: Mixed BMG | E54: Cu-based | F54: SECONDARY_NUMERIC_VERIFIED_PRIMARY_NOT_LOCKED | G54: PASS | H54: YES | K54: NO | L54: NOT_PRIMARY_LOCKED | M54: SRC30 | N54: 10.1016/j.jallcom.2008.07.087 | O54: VERIFIED_COMPILATION | P54: PASS
A55: MG-LONG-002 | B55: 55 | C55: Cu57.5Zr37.5Ga5 | D55: Mixed BMG | E55: Cu-based | F55: SECONDARY_NUMERIC_VERIFIED_PRIMARY_NOT_LOCKED | G55: PASS | H55: YES | K55: NO | L55: NOT_PRIMARY_LOCKED | M55: SRC30 | N55: 10.1016/j.jallcom.2008.07.087 | O55: VERIFIED_COMPILATION | P55: PASS
A56: MG-LONG-003 | B56: 56 | C56: Cu52.5Zr40Ga7.5 | D56: Mixed BMG | E56: Cu-based | F56: SECONDARY_NUMERIC_VERIFIED_PRIMARY_NOT_LOCKED | G56: PASS | H56: YES | K56: NO | L56: NOT_PRIMARY_LOCKED | M56: SRC30 | N56: 10.1016/j.jallcom.2008.07.087 | O56: VERIFIED_COMPILATION | P56: PASS
A57: MG-LONG-004 | B57: 57 | C57: Cu55Zr40Ga5 | D57: Mixed BMG | E57: Cu-based | F57: SECONDARY_NUMERIC_VERIFIED_PRIMARY_NOT_LOCKED | G57: PASS | H57: YES | K57: NO | L57: NOT_PRIMARY_LOCKED | M57: SRC30 | N57: 10.1016/j.jallcom.2008.07.087 | O57: VERIFIED_COMPILATION | P57: PASS
A58: MG-LONG-005 | B58: 58 | C58: Cu52.5Zr42.5Ga5 | D58: Mixed BMG | E58: Cu-based | F58: SECONDARY_NUMERIC_VERIFIED_PRIMARY_NOT_LOCKED | G58: PASS | H58: YES | K58: NO | L58: NOT_PRIMARY_LOCKED | M58: SRC30 | N58: 10.1016/j.jallcom.2008.07.087 | O58: VERIFIED_COMPILATION | P58: PASS
A59: MG-LONG-006 | B59: 59 | C59: Cu46Zr54 | D59: Mixed BMG | E59: Cu-based | F59: SECONDARY_NUMERIC_VERIFIED_PRIMARY_NOT_LOCKED | G59: PASS | H59: YES | K59: NO | L59: NOT_PRIMARY_LOCKED | M59: SRC30 | N59: 10.1016/j.jallcom.2008.07.087 | O59: VERIFIED_COMPILATION | P59: PASS
A60: MG-LONG-007 | B60: 60 | C60: Cu46Zr47Al7 | D60: Mixed BMG | E60: Cu-based | F60: SECONDARY_NUMERIC_VERIFIED_PRIMARY_NOT_LOCKED | G60: PASS | H60: YES | K60: NO | L60: NOT_PRIMARY_LOCKED | M60: SRC30 | N60: 10.1016/j.jallcom.2008.07.087 | O60: VERIFIED_COMPILATION | P60: PASS
A61: MG-LONG-008 | B61: 61 | C61: Cu46Zr37Al7Y10 | D61: Mixed BMG | E61: Cu-based | F61: SECONDARY_NUMERIC_VERIFIED_PRIMARY_NOT_LOCKED | G61: PASS | H61: YES | K61: NO | L61: NOT_PRIMARY_LOCKED | M61: SRC30 | N61: 10.1016/j.jallcom.2008.07.087 | O61: VERIFIED_COMPILATION | P61: PASS
A62: MG-LONG-009 | B62: 62 | C62: Cu46Zr45Al7Y2 | D62: Mixed BMG | E62: Cu-based | F62: SECONDARY_NUMERIC_VERIFIED_PRIMARY_NOT_LOCKED | G62: PASS | H62: YES | K62: NO | L62: NOT_PRIMARY_LOCKED | M62: SRC30 | N62: 10.1016/j.jallcom.2008.07.087 | O62: VERIFIED_COMPILATION | P62: PASS
... A66: MG-LONG-013 | B66: 66 | C66: Ca65Mg25Zn10 | D66: Mixed BMG | E66: Ca-based | F66: SECONDARY_NUMERIC_VERIFIED_PRIMARY_NOT_LOCKED | G66: PASS | H66: YES | K66: NO | L66: NOT_PRIMARY_LOCKED | M66: SRC30 | N66: 10.1016/j.jallcom.2008.07.087 | O66: VERIFIED_COMPILATION | P66: PASS
A67: MG-LONG-014 | B67: 67 | C67: Ca65Mg20Zn15 | D67: Mixed BMG | E67: Ca-based | F67: SECONDARY_NUMERIC_VERIFIED_PRIMARY_NOT_LOCKED | G67: PASS | H67: YES | J67: CF004 | K67: NO | L67: NOT_PRIMARY_LOCKED;COMPOSITION_CONFLICT | M67: SRC30 | N67: 10.1016/j.jallcom.2008.07.087 | O67: VERIFIED_COMPILATION | P67: PASS
A68: MG-LONG-015 | B68: 68 | C68: Ca65Mg15Zn20 | D68: Mixed BMG | E68: Ca-based | F68: SECONDARY_NUMERIC_VERIFIED_PRIMARY_NOT_LOCKED | G68: PASS | H68: YES | J68: CF005 | K68: NO | L68: NOT_PRIMARY_LOCKED;COMPOSITION_CONFLICT | M68: SRC30 | N68: 10.1016/j.jallcom.2008.07.087 | O68: VERIFIED_COMPILATION | P68: PASS
A69: MG-LONG-016 | B69: 69 | C69: Ca65Mg10Zn25 | D69: Mixed BMG | E69: Ca-based | F69: SECONDARY_NUMERIC_VERIFIED_PRIMARY_NOT_LOCKED | G69: PASS | H69: YES | J69: CF003 | K69: NO | L69: NOT_PRIMARY_LOCKED;COMPOSITION_CONFLICT | M69: SRC30 | N69: 10.1016/j.jallcom.2008.07.087 | O69: VERIFIED_COMPILATION | P69: PASS
A70: MG-LONG-017 | B70: 70 | C70: Ca70Mg15Zn15 | D70: Mixed BMG | E70: Ca-based | F70: SECONDARY_NUMERIC_VERIFIED_PRIMARY_NOT_LOCKED | G70: PASS | H70: YES | J70: CF002 | K70: NO | L70: NOT_PRIMARY_LOCKED;COMPOSITION_CONFLICT | M70: SRC30 | N70: 10.1016/j.jallcom.2008.07.087 | O70: VERIFIED_COMPILATION | P70: PASS
A71: MG-LONG-018 | B71: 71 | C71: Ca70Mg10Zn20 | D71: Mixed BMG | E71: Ca-based | F71: SECONDARY_NUMERIC_VERIFIED_PRIMARY_NOT_LOCKED | G71: PASS | H71: YES | K71: NO | L71: NOT_PRIMARY_LOCKED | M71: SRC30 | N71: 10.1016/j.jallcom.2008.07.087 | O71: VERIFIED_COMPILATION | P71: PASS
A72: MG-LONG-019 | B72: 72 | C72: Ca40Mg30Cu30 | D72: Mixed BMG | E72: Ca-based | F72: SECONDARY_NUMERIC_VERIFIED_PRIMARY_NOT_LOCKED | G72: PASS | H72: YES | K72: NO | L72: NOT_PRIMARY_LOCKED | M72: SRC30 | N72: 10.1016/j.jallcom.2008.07.087 | O72: VERIFIED_COMPILATION | P72: PASS
A73: MG-LONG-020 | B73: 73 | C73: Ca40Mg25Cu35 | D73: Mixed BMG | E73: Ca-based | F73: SECONDARY_NUMERIC_VERIFIED_PRIMARY_NOT_LOCKED | G73: PASS | H73: YES | K73: NO | L73: NOT_PRIMARY_LOCKED | M73: SRC30 | N73: 10.1016/j.jallcom.2008.07.087 | O73: VERIFIED_COMPILATION | P73: PASS
A74: MG-LONG-021 | B74: 74 | C74: Ca45Mg30Cu25 | D74: Mixed BMG | E74: Ca-based | F74: SECONDARY_NUMERIC_VERIFIED_PRIMARY_NOT_LOCKED | G74: PASS | H74: YES | K74: NO | L74: NOT_PRIMARY_LOCKED | M74: SRC30 | N74: 10.1016/j.jallcom.2008.07.087 | O74: VERIFIED_COMPILATION | P74: PASS
A75: MG-LONG-022 | B75: 75 | C75: Ca45Mg25Cu30 | D75: Mixed BMG | E75: Ca-based | F75: SECONDARY_NUMERIC_VERIFIED_PRIMARY_NOT_LOCKED | G75: PASS | H75: YES | K75: NO | L75: NOT_PRIMARY_LOCKED | M75: SRC30 | N75: 10.1016/j.jallcom.2008.07.087 | O75: VERIFIED_COMPILATION | P75: PASS
A76: MG-LONG-023 | B76: 76 | C76: Ca45Mg19Cu36 | D76: Mixed BMG | E76: Ca-based | F76: SECONDARY_NUMERIC_VERIFIED_PRIMARY_NOT_LOCKED | G76: PASS | H76: YES | K76: NO | L76: NOT_PRIMARY_LOCKED | M76: SRC30 | N76: 10.1016/j.jallcom.2008.07.087 | O76: VERIFIED_COMPILATION | P76: PASS
A77: MG-LONG-024 | B77: 77 | C77: Mg65Cu25Gd5Y5 | D77: Mixed BMG | E77: Mg-based | F77: SECONDARY_NUMERIC_VERIFIED_PRIMARY_NOT_LOCKED | G77: PASS | H77: YES | K77: NO | L77: NOT_PRIMARY_LOCKED | M77: SRC30 | N77: 10.1016/j.jallcom.2008.07.087 | O77: VERIFIED_COMPILATION | P77: PASS
A78: MG-LONG-025 | B78: 78 | C78: Mg65Cu20Ni5Gd10 | D78: Mixed BMG | E78: Mg-based | F78: SECONDARY_NUMERIC_VERIFIED_PRIMARY_NOT_LOCKED | G78: PASS | H78: YES | K78: NO | L78: NOT_PRIMARY_LOCKED | M78: SRC30 | N78: 10.1016/j.jallcom.2008.07.087 | O78: VERIFIED_COMPILATION | P78: PASS
A79: MG-LONG-026 | B79: 79 | C79: Mg65Cu15Ag10Y4Gd6 | D79: Mixed BMG | E79: Mg-based | F79: SECONDARY_NUMERIC_VERIFIED_PRIMARY_NOT_LOCKED | G79: PASS | H79: YES | K79: NO | L79: NOT_PRIMARY_LOCKED | M79: SRC30 | N79: 10.1016/j.jallcom.2008.07.087 | O79: VERIFIED_COMPILATION | P79: PASS
A80: MG-LONG-027 | B80: 80 | C80: Mg65Cu15Ag10Y2Gd8 | D80: Mixed BMG | E80: Mg-based | F80: SECONDARY_NUMERIC_VERIFIED_PRIMARY_NOT_LOCKED | G80: PASS | H80: YES | K80: NO | L80: NOT_PRIMARY_LOCKED | M80: SRC30 | N80: 10.1016/j.jallcom.2008.07.087 | O80: VERIFIED_COMPILATION | P80: PASS
A81: MG-LONG-028 | B81: 81 | C81: Mg65Cu15Ag10Gd10 | D81: Mixed BMG | E81: Mg-based | F81: SECONDARY_NUMERIC_VERIFIED_PRIMARY_NOT_LOCKED | G81: PASS | H81: YES | K81: NO | L81: NOT_PRIMARY_LOCKED | M81: SRC30 | N81: 10.1016/j.jallcom.2008.07.087 | O81: VERIFIED_COMPILATION | P81: PASS
A82: MG-LONG-029 | B82: 82 | C82: Mg65Cu7.5Ni7.5Ag5Zn5Gd10 | D82: Mixed BMG | E82: Mg-based | F82: SECONDARY_NUMERIC_VERIFIED_PRIMARY_NOT_LOCKED | G82: PASS | H82: YES | K82: NO | L82: NOT_PRIMARY_LOCKED | M82: SRC30 | N82: 10.1016/j.jallcom.2008.07.087 | O82: VERIFIED_COMPILATION | P82: PASS
... A88: MG-LONG-035 | B88: 88 | C88: Mg57Cu31.5Y9.2Nd2.3 | D88: Mixed BMG | E88: Mg-based | F88: SECONDARY_NUMERIC_VERIFIED_PRIMARY_NOT_LOCKED | G88: PASS | H88: YES | K88: NO | L88: NOT_PRIMARY_LOCKED | M88: SRC30 | N88: 10.1016/j.jallcom.2008.07.087 | O88: VERIFIED_COMPILATION | P88: PASS
A89: MG-LONG-036 | B89: 89 | C89: La55Al25Cu20 | D89: Mixed BMG | E89: La-based | F89: SECONDARY_NUMERIC_VERIFIED_PRIMARY_NOT_LOCKED | G89: PASS | H89: YES | J89: CF006 | K89: NO | L89: NOT_PRIMARY_LOCKED;COMPOSITION_CONFLICT | M89: SRC30 | N89: 10.1016/j.jallcom.2008.07.087 | O89: VERIFIED_COMPILATION | P89: PASS
A90: MG-LONG-037 | B90: 90 | C90: La55Al20Ag5Cu20 | D90: Mixed BMG | E90: La-based | F90: SECONDARY_NUMERIC_VERIFIED_PRIMARY_NOT_LOCKED | G90: PASS | H90: YES | K90: NO | L90: NOT_PRIMARY_LOCKED | M90: SRC30 | N90: 10.1016/j.jallcom.2008.07.087 | O90: VERIFIED_COMPILATION | P90: PASS
A91: MG-LONG-038 | B91: 91 | C91: La55Al17.5Ag7.5Cu20 | D91: Mixed BMG | E91: La-based | F91: SECONDARY_NUMERIC_VERIFIED_PRIMARY_NOT_LOCKED | G91: PASS | H91: YES | K91: NO | L91: NOT_PRIMARY_LOCKED | M91: SRC30 | N91: 10.1016/j.jallcom.2008.07.087 | O91: VERIFIED_COMPILATION | P91: PASS
A92: MG-LONG-039 | B92: 92 | C92: La55Al15Ag10Cu20 | D92: Mixed BMG | E92: La-based | F92: SECONDARY_NUMERIC_VERIFIED_PRIMARY_NOT_LOCKED | G92: PASS | H92: YES | K92: NO | L92: NOT_PRIMARY_LOCKED | M92: SRC30 | N92: 10.1016/j.jallcom.2008.07.087 | O92: VERIFIED_COMPILATION | P92: PASS
A93: MG-LONG-040 | B93: 93 | C93: La55Al25Ag5Cu15 | D93: Mixed BMG | E93: La-based | F93: SECONDARY_NUMERIC_VERIFIED_PRIMARY_NOT_LOCKED | G93: PASS | H93: YES | K93: NO | L93: NOT_PRIMARY_LOCKED | M93: SRC30 | N93: 10.1016/j.jallcom.2008.07.087 | O93: VERIFIED_COMPILATION | P93: PASS
A94: MG-LONG-041 | B94: 94 | C94: La60Al15Ag5Cu20 | D94: Mixed BMG | E94: La-based | F94: SECONDARY_NUMERIC_VERIFIED_PRIMARY_NOT_LOCKED | G94: PASS | H94: YES | K94: NO | L94: NOT_PRIMARY_LOCKED | M94: SRC30 | N94: 10.1016/j.jallcom.2008.07.087 | O94: VERIFIED_COMPILATION | P94: PASS
A95: MG-LONG-042 | B95: 95 | C95: La62.5Al12.5Ag5Cu20 | D95: Mixed BMG | E95: La-based | F95: SECONDARY_NUMERIC_VERIFIED_PRIMARY_NOT_LOCKED | G95: PASS | H95: YES | K95: NO | L95: NOT_PRIMARY_LOCKED | M95: SRC30 | N95: 10.1016/j.jallcom.2008.07.087 | O95: VERIFIED_COMPILATION | P95: PASS
A96: MG-LONG-043 | B96: 96 | C96: La65Al10Ag5Cu20 | D96: Mixed BMG | E96: La-based | F96: SECONDARY_NUMERIC_VERIFIED_PRIMARY_NOT_LOCKED | G96: PASS | H96: YES | K96: NO | L96: NOT_PRIMARY_LOCKED | M96: SRC30 | N96: 10.1016/j.jallcom.2008.07.087 | O96: VERIFIED_COMPILATION | P96: PASS
A97: MG-LONG-044 | B97: 97 | C97: La62.5Al12.5Ag5Cu17.5Fe2.5 | D97: Mixed BMG | E97: La-based | F97: SECONDARY_NUMERIC_VERIFIED_PRIMARY_NOT_LOCKED | G97: PASS | H97: YES | K97: NO | L97: NOT_PRIMARY_LOCKED | M97: SRC30 | N97: 10.1016/j.jallcom.2008.07.087 | O97: VERIFIED_COMPILATION | P97: PASS
A98: MG-LONG-045 | B98: 98 | C98: La62.5Al12.5Ag5Cu15Fe5 | D98: Mixed BMG | E98: La-based | F98: SECONDARY_NUMERIC_VERIFIED_PRIMARY_NOT_LOCKED | G98: PASS | H98: YES | K98: NO | L98: NOT_PRIMARY_LOCKED | M98: SRC30 | N98: 10.1016/j.jallcom.2008.07.087 | O98: VERIFIED_COMPILATION | P98: PASS
A99: MG-LONG-046 | B99: 99 | C99: La62.5Al12.5Ag5Cu17.5Co2.5 | D99: Mixed BMG | E99: La-based | F99: SECONDARY_NUMERIC_VERIFIED_PRIMARY_NOT_LOCKED | G99: PASS | H99: YES | K99: NO | L99: NOT_PRIMARY_LOCKED | M99: SRC30 | N99: 10.1016/j.jallcom.2008.07.087 | O99: VERIFIED_COMPILATION | P99: PASS
A100: MG-LONG-047 | B100: 100 | C100: La62.5Al12.5Ag5Cu15Co5 | D100: Mixed BMG | E100: La-based | F100: SECONDARY_NUMERIC_VERIFIED_PRIMARY_NOT_LOCKED | G100: PASS | H100: YES | K100: NO | L100: NOT_PRIMARY_LOCKED | M100: SRC30 | N100: 10.1016/j.jallcom.2008.07.087 | O100: VERIFIED_COMPILATION | P100: PASS
A101: MG-LONG-048 | B101: 101 | C101: Fe56Co20Mo4(P0.45C0.2B0.2Si0.15)20 | D101: Mixed BMG | E101: Fe-based | F101: SECONDARY_NUMERIC_VERIFIED_PRIMARY_NOT_LOCKED | G101: PASS | H101: YES | K101: NO | L101: NOT_PRIMARY_LOCKED | M101: SRC30 | N101: 10.1016/j.jallcom.2008.07.087 | O101: VERIFIED_COMPILATION | P101: PASS
A102: MG-LONG-049 | B102: 102 | C102: Fe46Co30Mo4(P0.45C0.2B0.2Si0.15)20 | D102: Mixed BMG | E102: Fe-based | F102: SECONDARY_NUMERIC_VERIFIED_PRIMARY_NOT_LOCKED | G102: PASS | H102: YES | K102: NO | L102: NOT_PRIMARY_LOCKED | M102: SRC30 | N102: 10.1016/j.jallcom.2008.07.087 | O102: VERIFIED_COMPILATION | P102: PASS
A103: MG-LONG-050 | B103: 103 | C103: Fe72Y6B22 | D103: Mixed BMG | E103: Fe-based | F103: SECONDARY_NUMERIC_VERIFIED_PRIMARY_NOT_LOCKED | G103: PASS | H103: YES | J103: CF007 | K103: NO | L103: NOT_PRIMARY_LOCKED;COMPOSITION_CONFLICT | M103: SRC30 | N103: 10.1016/j.jallcom.2008.07.087 | O103: VERIFIED_COMPILATION | P103: PASS
A104: MG-LONG-051 | B104: 104 | C104: Fe71Ni1Y6B22 | D104: Mixed BMG | E104: Fe-based | F104: SECONDARY_NUMERIC_VERIFIED_PRIMARY_NOT_LOCKED | G104: PASS | H104: YES | K104: NO | L104: NOT_PRIMARY_LOCKED | M104: SRC30 | N104: 10.1016/j.jallcom.2008.07.087 | O104: VERIFIED_COMPILATION | P104: PASS
A105: MG-LONG-052 | B105: 105 | C105: Fe70Ni2Y6B22 | D105: Mixed BMG | E105: Fe-based | F105: SECONDARY_NUMERIC_VERIFIED_PRIMARY_NOT_LOCKED | G105: PASS | H105: YES | K105: NO | L105: NOT_PRIMARY_LOCKED | M105: SRC30 | N105: 10.1016/j.jallcom.2008.07.087 | O105: VERIFIED_COMPILATION | P105: PASS
A106: MG-LONG-053 | B106: 106 | C106: Fe69Ni3Y6B22 | D106: Mixed BMG | E106: Fe-based | F106: SECONDARY_NUMERIC_VERIFIED_PRIMARY_NOT_LOCKED | G106: PASS | H106: YES | K106: NO | L106: NOT_PRIMARY_LOCKED | M106: SRC30 | N106: 10.1016/j.jallcom.2008.07.087 | O106: VERIFIED_COMPILATION | P106: PASS
A107: MG-LONG-054 | B107: 107 | C107: Fe68Ni4Y6B22 | D107: Mixed BMG | E107: Fe-based | F107: SECONDARY_NUMERIC_VERIFIED_PRIMARY_NOT_LOCKED | G107: PASS | H107: YES | K107: NO | L107: NOT_PRIMARY_LOCKED | M107: SRC30 | N107: 10.1016/j.jallcom.2008.07.087 | O107: VERIFIED_COMPILATION | P107: PASS
A108: MG-LONG-055 | B108: 108 | C108: Fe67Ni5Y6B22 | D108: Mixed BMG | E108: Fe-based | F108: SECONDARY_NUMERIC_VERIFIED_PRIMARY_NOT_LOCKED | G108: PASS | H108: YES | K108: NO | L108: NOT_PRIMARY_LOCKED | M108: SRC30 | N108: 10.1016/j.jallcom.2008.07.087 | O108: VERIFIED_COMPILATION | P108: PASS
A109: MG-LONG-056 | B109: 109 | C109: Fe70Co2Y6B22 | D109: Mixed BMG | E109: Fe-based | F109: SECONDARY_NUMERIC_VERIFIED_PRIMARY_NOT_LOCKED | G109: PASS | H109: YES | K109: NO | L109: NOT_PRIMARY_LOCKED | M109: SRC30 | N109: 10.1016/j.jallcom.2008.07.087 | O109: VERIFIED_COMPILATION | P109: PASS
A110: MG-LONG-057 | B110: 110 | C110: Fe68Co4Y6B22 | D110: Mixed BMG | E110: Fe-based | F110: SECONDARY_NUMERIC_VERIFIED_PRIMARY_NOT_LOCKED | G110: PASS | H110: YES | K110: NO | L110: NOT_PRIMARY_LOCKED | M110: SRC30 | N110: 10.1016/j.jallcom.2008.07.087 | O110: VERIFIED_COMPILATION | P110: PASS
A111: MG-LONG-058 | B111: 111 | C111: Fe66Co6Y6B22 | D111: Mixed BMG | E111: Fe-based | F111: SECONDARY_NUMERIC_VERIFIED_PRIMARY_NOT_LOCKED | G111: PASS | H111: YES | K111: NO | L111: NOT_PRIMARY_LOCKED | M111: SRC30 | N111: 10.1016/j.jallcom.2008.07.087 | O111: VERIFIED_COMPILATION | P111: PASS
A112: MG-LONG-059 | B112: 112 | C112: Fe64Co8Y6B22 | D112: Mixed BMG | E112: Fe-based | F112: SECONDARY_NUMERIC_VERIFIED_PRIMARY_NOT_LOCKED | G112: PASS | H112: YES | K112: NO | L112: NOT_PRIMARY_LOCKED | M112: SRC30 | N112: 10.1016/j.jallcom.2008.07.087 | O112: VERIFIED_COMPILATION | P112: PASS
A113: MG-LONG-060 | B113: 113 | C113: Fe62Co10Y6B22 | D113: Mixed BMG | E113: Fe-based | F113: SECONDARY_NUMERIC_VERIFIED_PRIMARY_NOT_LOCKED | G113: PASS | H113: YES | K113: NO | L113: NOT_PRIMARY_LOCKED | M113: SRC30 | N113: 10.1016/j.jallcom.2008.07.087 | O113: VERIFIED_COMPILATION | P113: PASS
A114: MG-LONG-061 | B114: 114 | C114: Ni60Zr20Ti5Nb10Al5 | D114: Mixed BMG | E114: Ni-based | F114: SECONDARY_NUMERIC_VERIFIED_PRIMARY_NOT_LOCKED | G114: PASS | H114: YES | K114: NO | L114: NOT_PRIMARY_LOCKED | M114: SRC30 | N114: 10.1016/j.jallcom.2008.07.087 | O114: VERIFIED_COMPILATION | P114: PASS
A115: MG-LONG-062 | B115: 115 | C115: Ni60Zr20Ti7.5Nb7.5Al5 | D115: Mixed BMG | E115: Ni-based | F115: SECONDARY_NUMERIC_VERIFIED_PRIMARY_NOT_LOCKED | G115: PASS | H115: YES | K115: NO | L115: NOT_PRIMARY_LOCKED | M115: SRC30 | N115: 10.1016/j.jallcom.2008.07.087 | O115: VERIFIED_COMPILATION | P115: PASS
... A120: MG-LONG-067 | B120: 120 | C120: [(Ni0.6Fe0.4)0.75B0.2Si0.05]96Nb4 | D120: Mixed BMG | E120: Ni-based | F120: SECONDARY_NUMERIC_VERIFIED_PRIMARY_NOT_LOCKED | G120: PASS | H120: YES | K120: NO | L120: NOT_PRIMARY_LOCKED | M120: SRC30 | N120: 10.1016/j.jallcom.2008.07.087 | O120: VERIFIED_COMPILATION | P120: PASS
A121: MG-NI-PR-001 | B121: 121 | C121: Ni59Zr16Ti13Nb7Si3Sn2 | D121: Ni-based | E121: Ni–Zr–Ti–Nb–Si–Sn modified | F121: PRIMARY_NUMERIC_VERIFIED | G121: PASS | H121: YES | K121: YES | L121: LOCKED_PRIMARY_ELIGIBLE | M121: SRC35 | O121: VERIFIED_PRIMARY | P121: PASS
A122: MG-NI-PR-002 | B122: 122 | C122: Ni59Zr15Ti13Nb7Si3Sn2Al1 | D122: Ni-based | E122: Ni–Zr–Ti–Nb–Si–Sn modified | F122: PRIMARY_NUMERIC_VERIFIED | G122: PASS | H122: YES | K122: YES | L122: LOCKED_PRIMARY_ELIGIBLE | M122: SRC35 | O122: VERIFIED_PRIMARY | P122: PASS
A123: MG-NI-PR-003 | B123: 123 | C123: Ni58Zr16Ti13Nb7Si3Sn2W1 | D123: Ni-based | E123: Ni–Zr–Ti–Nb–Si–Sn modified | F123: PRIMARY_NUMERIC_VERIFIED | G123: PASS | H123: YES | K123: YES | L123: LOCKED_PRIMARY_ELIGIBLE | M123: SRC35 | O123: VERIFIED_PRIMARY | P123: PASS
...

Sheet Audit_Final_Summary
A1: Dimension | B1: Count | C1: Final_Status | D1: Rule | E1: Analytical_Decision | F1: Evidence | G1: Remaining_Gap | H1: Comment
A2: Total records | B2: 276 | C2: AUDITED_COMPLETE | D2: Every row classified | E2: Retain provenance records | F2: Workbook row audit | G2: None | H2: Raw coverage fixed at 276.
A3: Primary numeric verified | B3: 32 | C3: AUDITED_COMPLETE | D3: Exact numerical tuple tied to primary evidence | E3: Potentially usable after QC/dedup/target rules | F3: Primary source/full-text evidence | G3: None for classification
A4: Secondary numeric verified | B4: 244 | C4: AUDITED_COMPLETE | D4: Published compilation tuple verified, but primary numerical source not locked | E4: Exclude from primary-locked model | F4: Long/Chen/JTAC compilation evidence | G4: Primary-paper retrieval optional for future expansion | H4: Audit outcome is secondary, not 'unknown'.
A5: Exact duplicate groups | B5: 11 | C5: AUDITED_COMPLETE | D5: Same normalized composition + Tg + Tx + Tl + dc | E5: Do not double-count | F5: Workbook comparison | G5: None | H5: Provenance rows retained.
A6: Composition conflict groups | B6: 7 | C6: AUDITED_COMPLETE | D6: Same nominal composition with differing tuple | E6: No averaging; exclude unresolved conflicts | F6: Workbook comparison + targeted source checks | G6: Method/source-specific resolution if later needed
A7: Rows with dc/Dmax | B7: 252 | C7: AUDITED_COMPLETE | D7: Positive explicit dc/Dmax | E7: Target available | F7: Workbook direct audit | G7: 24 rows lack dc
A8: Locked primary model eligible | B8: 8 | C8: AUDITED_COMPLETE | D8: Primary + thermal pass + dc + QC pass + no duplicate/conflict | E8: YES only for these rows | F8: Final_Row_Audit | G8: Small N | H8: Use only as strict primary benchmark, not as full draft reproduction set.
A9: Final audit verdict | B9: 276 | C9: AUDIT_COMPLETE | D9: No row left unclassified | E9: Freeze V1 audit checkpoint | F9: All audit sheets | G9: None for V1 classification | H9: Future primary-paper recovery can upgrade secondary rows, but is no longer required to call the V1 audit complete.

Sheet Phase3_Recalculated
A1: MG_ID | B1: Composition | C1: Family | D1: Final_Provenance | E1: Tg_K | F1: Tx_K | G1: Tm_K | H1: Tl_K | I1: dc_mm | J1: DeltaTx_K | K1: Trg_Tl | L1: Trg_Tm | M1: gamma | N1: gamma_m | O1: DeltaTrg | P1: delta | Q1: omega_like | R1: beta_TxTl | S1: beta_I | T1: inverse_omega | U1: Thermal_Input_QC | V1: Tm_Status | W1: Final_Row_Audit_Eligibility | X1: Source_ID | Y1: DOI | Z1: Phase3_Status
A2: MG-ZNA-001 | B2: Al8.3Ni25.0Zr66.7 | C2: Zr–Ni–Al | D2: PRIMARY_NUMERIC_VERIFIED | E2: 663 | F2: 710 | G2: 1199 | H2: 1236 | J2: 47 | K2: 0.53640777 | L2: 0.5529608 | M2: 0.37388099 | N2: 0.61245955 | O2: 0.082024433 | P2: 1.2390925 | Q2: 0.36739109 | R2: 0.57443366 | S2: 1.6072977 | T2: 0.23554057 | U2: PASS | V2: AVAILABLE | W2: NO | X2: SRC37 | Y2: 10.1007/s11434-011-4842-z | Z2: RECALCULATED_OK
A3: MG-ZNA-002 | B3: Al12.0Ni24.0Zr64.0 | C3: Zr–Ni–Al | D3: PRIMARY_NUMERIC_VERIFIED | E3: 682 | F3: 729 | G3: 1174 | H3: 1283 | J3: 47 | K3: 0.53156664 | L3: 0.58091993 | M3: 0.37099237 | N3: 0.60483242 | O3: 0.078202995 | P3: 1.2129784 | Q3: 0.3626073 | R3: 0.56819953 | S3: 1.6004816 | T3: 0.24138054 | U3: PASS | V3: AVAILABLE | W3: NO | X3: SRC37 | Y3: 10.1007/s11434-011-4842-z | Z3: RECALCULATED_OK
A4: MG-ZNA-003 | B4: Al15.4Ni23.1Zr61.5 | C4: Zr–Ni–Al | D4: PRIMARY_NUMERIC_VERIFIED | E4: 703 | F4: 758 | G4: 1178 | H4: 1266 | J4: 55 | K4: 0.55529226 | L4: 0.59677419 | M4: 0.38496699 | N4: 0.64218009 | O4: 0.097690941 | P4: 1.3463588 | Q4: 0.38572596 | R4: 0.59873618 | S4: 1.6335284 | T4: 0.21337258 | U4: PASS | V4: AVAILABLE | W4: NO | X4: SRC37 | Y4: 10.1007/s11434-011-4842-z | Z4: RECALCULATED_OK
A5: MG-ZNA-004 | B5: Al21.4Ni21.4Zr57.2 | C5: Zr–Ni–Al | D5: PRIMARY_NUMERIC_VERIFIED | E5: 745 | F5: 784 | G5: 1183 | H5: 1342 | J5: 39 | K5: 0.55514158 | L5: 0.62975486 | M5: 0.37565884 | N5: 0.61326379 | O5: 0.065326633 | P5: 1.3132328 | Q5: 0.36408908 | R5: 0.58420268 | S5: 1.6074906 | T5: 0.23631164 | U5: PASS | V5: AVAILABLE | W5: NO | X5: SRC37 | Y5: 10.1007/s11434-011-4842-z | Z5: RECALCULATED_OK
A6: MG-ZNA-005 | B6: Al9.1Ni27.3Zr63.6 | C6: Zr–Ni–Al | D6: PRIMARY_NUMERIC_VERIFIED | E6: 680 | F6: 721 | G6: 1178 | H6: 1220 | J6: 41 | K6: 0.55737705 | L6: 0.57724958 | M6: 0.37947368 | N6: 0.62459016 | O6: 0.075925926 | P6: 1.3351852 | Q6: 0.37301681 | R6: 0.59098361 | S6: 1.6176712 | T6: 0.22734506 | U6: PASS | V6: AVAILABLE | W6: NO | X6: SRC37 | Y6: 10.1007/s11434-011-4842-z | Z6: RECALCULATED_OK
A7: MG-ZNA-006 | B7: Al13.0Ni26.0Zr61.0 | C7: Zr–Ni–Al | D7: PRIMARY_NUMERIC_VERIFIED | E7: 702 | F7: 770 | G7: 1176 | H7: 1263 | J7: 68 | K7: 0.55581948 | L7: 0.59693878 | M7: 0.39185751 | N7: 0.6634996 | O7: 0.12121212 | P7: 1.372549 | Q7: 0.39806714 | R7: 0.60965954 | S7: 1.6526856 | T7: 0.19718449 | U7: PASS | V7: AVAILABLE | W7: NO | X7: SRC37 | Y7: 10.1007/s11434-011-4842-z | Z7: RECALCULATED_OK
A8: MG-ZNA-007 | B8: Al16.7Ni25.0Zr58.3 | C8: Zr–Ni–Al | D8: PRIMARY_NUMERIC_VERIFIED | E8: 721 | F8: 789 | G8: 1185 | H8: 1289 | J8: 68 | K8: 0.55934833 | L8: 0.60843882 | M8: 0.39253731 | N8: 0.66485648 | O8: 0.11971831 | P8: 1.3890845 | Q8: 0.39906752 | R8: 0.6121024 | S8: 1.6536618 | T8: 0.19640202 | U8: PASS | V8: AVAILABLE | W8: NO | X8: SRC37 | Y8: 10.1007/s11434-011-4842-z | Z8: RECALCULATED_OK
A9: MG-ZNA-008 | B9: Al23.1Ni23.1Zr53.8 | C9: Zr–Ni–Al | D9: PRIMARY_NUMERIC_VERIFIED | E9: 772 | F9: 813 | G9: 1182 | H9: 1338 | J9: 41 | K9: 0.57698057 | L9: 0.65313029 | M9: 0.38530806 | N9: 0.63826607 | O9: 0.072438163 | P9: 1.4363958 | Q9: 0.37919273 | R9: 0.60762332 | S9: 1.6300894 | T9: 0.21781594 | U9: PASS | V9: AVAILABLE | W9: NO | X9: SRC37 | Y9: 10.1007/s11434-011-4842-z | Z9: RECALCULATED_OK
A10: MG-ZNA-009 | B10: Al7.1Ni28.6Zr64.3 | C10: Zr–Ni–Al | D10: PRIMARY_NUMERIC_VERIFIED | E10: 673 | F10: 706 | G10: 1178 | H10: 1244 | J10: 33 | K10: 0.54099678 | L10: 0.5713073 | M10: 0.36828378 | N10: 0.59405145 | O10: 0.057793345 | P10: 1.2364273 | Q10: 0.35150866 | R10: 0.56752412 | S10: 1.590031 | T10: 0.25111903 | U10: PASS | V10: AVAILABLE | W10: NO | X10: SRC37 | Y10: 10.1007/s11434-011-4842-z | Z10: RECALCULATED_OK
A11: MG-ZNA-010 | B11: Al10.3Ni27.6Zr62.1 | C11: Zr–Ni–Al | D11: PRIMARY_NUMERIC_VERIFIED | E11: 691 | F11: 739 | G11: 1176 | H11: 1239 | J11: 48 | K11: 0.55770783 | L11: 0.58758503 | M11: 0.38290155 | N11: 0.63518967 | O11: 0.087591241 | P11: 1.3485401 | Q11: 0.38087185 | R11: 0.59644875 | S11: 1.6271724 | T11: 0.21898519 | U11: PASS | V11: AVAILABLE | W11: NO | X11: SRC37 | Y11: 10.1007/s11434-011-4842-z | Z11: RECALCULATED_OK
A12: MG-ZNA-011 | B12: Al13.3Ni26.7Zr60.0 | C12: Zr–Ni–Al | D12: PRIMARY_NUMERIC_VERIFIED | E12: 707 | F12: 775 | G12: 1179 | H12: 1222 | J12: 68 | K12: 0.57855974 | L12: 0.59966073 | M12: 0.40176257 | N12: 0.6898527 | O12: 0.13203883 | P12: 1.5048544 | Q12: 0.41393296 | R12: 0.63420622 | S12: 1.6747408 | T12: 0.17923577 | U12: PASS | V12: AVAILABLE | W12: NO | X12: SRC37 | Y12: 10.1007/s11434-011-4842-z | Z12: RECALCULATED_OK
A13: MG-ZNA-012 | B13: Al18.8Ni25.0Zr56.2 | C13: Zr–Ni–Al | D13: PRIMARY_NUMERIC_VERIFIED | E13: 742 | F13: 804 | G13: 1184 | H13: 1336 | J13: 62 | K13: 0.55538922 | L13: 0.62668919 | M13: 0.38691049 | N13: 0.64820359 | O13: 0.1043771 | P13: 1.3535354 | Q13: 0.38944103 | R13: 0.60179641 | S13: 1.6389472 | T13: 0.20873735 | U13: PASS | V13: AVAILABLE | W13: NO | X13: SRC37 | Y13: 10.1007/s11434-011-4842-z | Z13: RECALCULATED_OK
... A25: MG-ZNA-024 | B25: Al25.0Ni25.0Zr50.0 | C25: Zr–Ni–Al | D25: PRIMARY_NUMERIC_VERIFIED | E25: 659 | F25: 710 | G25: 1180 | H25: 1348 | J25: 51 | K25: 0.4888724 | L25: 0.55847458 | M25: 0.35376183 | N25: 0.56454006 | O25: 0.074020319 | P25: 1.030479 | Q25: 0.33906069 | R25: 0.52670623 | S25: 1.5662624 | T25: 0.27146747 | U25: PASS | V25: AVAILABLE | W25: NO | X25: SRC21 | Y25: 10.1007/s11434-011-4842-z | Z25: RECALCULATED_OK
A26: MG-ZNA-025 | B26: Al15.0Ni25.0Zr60.0 | C26: Zr–Ni–Al | D26: PRIMARY_NUMERIC_VERIFIED | E26: 710 | F26: 778 | G26: 1177 | H26: 1251 | I26: 8 | J26: 68 | K26: 0.56754596 | L26: 0.60322855 | M26: 0.39673636 | N26: 0.67625899 | O26: 0.12569316 | P26: 1.4380776 | Q26: 0.40580731 | R26: 0.62190248 | S26: 1.6633206 | T26: 0.18847605 | U26: PASS | V26: AVAILABLE | W26: YES | X26: SRC21 | Y26: 10.1007/s11434-011-4842-z | Z26: RECALCULATED_OK
A27: MG-CZA-001 | B27: Cu47Zr45Al8 | C27: Cu–Zr–Al | D27: PRIMARY_NUMERIC_VERIFIED | E27: 714 | F27: 794 | H27: 1190 | I27: 15 | J27: 80 | K27: 0.6 | M27: 0.41701681 | N27: 0.73445378 | O27: 0.16806723 | P27: 1.6680672 | Q27: 0.43874712 | R27: 0.66722689 | S27: 1.7120448 | T27: 0.14924433 | U27: PASS | V27: NOT_REPORTED_NO_IMPUTATION | W27: YES | X27: SRC33 | Y27: 10.1590/1980-5373-MR-2019-0078 | Z27: RECALCULATED_OK
A28: MG-CZA-002 | B28: (Cu47Zr45Al8)98.5Y1.5 | C28: Cu–Zr–Al | D28: PRIMARY_NUMERIC_VERIFIED | E28: 698 | F28: 783 | H28: 1168 | I28: 25 | J28: 85 | K28: 0.59760274 | M28: 0.41961415 | N28: 0.74315068 | O28: 0.18085106 | P28: 1.6659574 | Q28: 0.44222996 | R28: 0.67037671 | S28: 1.7193792 | T28: 0.14331884 | U28: PASS | V28: NOT_REPORTED_NO_IMPUTATION | W28: YES | X28: SRC33 | Y28: 10.1590/1980-5373-MR-2019-0078 | Z28: RECALCULATED_OK
A29: MG-CZA-003 | B29: (Cu47Zr45Al8)99Nb | C29: Cu–Zr–Al | D29: PRIMARY_NUMERIC_VERIFIED | E29: 717 | F29: 790 | H29: 1185 | I29: 12 | J29: 73 | K29: 0.60506329 | M29: 0.41535226 | N29: 0.72827004 | O29: 0.15598291 | P29: 1.6880342 | Q29: 0.43643215 | R29: 0.66666667 | S29: 1.7068764 | T29: 0.15365172 | U29: PASS | V29: NOT_REPORTED_NO_IMPUTATION | W29: YES | X29: SRC33 | Y29: 10.1590/1980-5373-MR-2019-0078 | Z29: RECALCULATED_OK
A30: MG-CZA-004 | B30: (Cu47Zr45Al8)97.5Y1.5Nb | C30: Cu–Zr–Al | D30: PRIMARY_NUMERIC_VERIFIED | E30: 710 | F30: 793 | H30: 1161 | I30: 18 | J30: 83 | K30: 0.61154177 | M30: 0.42383752 | N30: 0.75452196 | O30: 0.18403548 | P30: 1.7583149 | Q30: 0.44990866 | R30: 0.68303187 | S30: 1.7284432 | T30: 0.13638174 | U30: PASS | V30: NOT_REPORTED_NO_IMPUTATION | W30: YES | X30: SRC33 | Y30: 10.1590/1980-5373-MR-2019-0078 | Z30: RECALCULATED_OK
A31: MG-MIX-001 | B31: Zr48Cu43Al7Ag2 | C31: Mixed BMG | D31: SECONDARY_NUMERIC_VERIFIED_PRIMARY_NOT_LOCKED | E31: 700 | F31: 761 | H31: 1152 | I31: 12 | J31: 61 | K31: 0.60763889 | M31: 0.41090713 | N31: 0.71354167 | O31: 0.13495575 | P31: 1.6836283 | Q31: 0.42864593 | R31: 0.66059028 | S31: 1.6947817 | T31: 0.16390279 | U31: PASS | V31: NOT_REPORTED_NO_IMPUTATION | W31: NO | X31: SRC30 | Y31: 10.1016/j.jallcom.2008.07.087 | Z31: RECALCULATED_OK
A32: MG-MIX-002 | B32: Zr48Cu42Al7Ag3 | C32: Mixed BMG | D32: SECONDARY_NUMERIC_VERIFIED_PRIMARY_NOT_LOCKED | E32: 700 | F32: 763 | H32: 1135 | I32: 10 | J32: 63 | K32: 0.61674009 | M32: 0.41580381 | N32: 0.7277533 | O32: 0.14482759 | P32: 1.754023 | Q32: 0.43707791 | R32: 0.6722467 | S32: 1.7067401 | T32: 0.15448841 | U32: PASS | V32: NOT_REPORTED_NO_IMPUTATION | W32: NO | X32: SRC30 | Y32: 10.1016/j.jallcom.2008.07.087 | Z32: RECALCULATED_OK
A33: MG-MIX-003 | B33: Zr48Cu40Al7Ag5 | C33: Mixed BMG | D33: SECONDARY_NUMERIC_VERIFIED_PRIMARY_NOT_LOCKED | E33: 699 | F33: 769 | H33: 1121 | I33: 10 | J33: 70 | K33: 0.6235504 | M33: 0.42252747 | N33: 0.74843889 | O33: 0.16587678 | P33: 1.8222749 | Q33: 0.44870442 | R33: 0.68599465 | S33: 1.7236935 | T33: 0.14084082 | U33: PASS | V33: NOT_REPORTED_NO_IMPUTATION | W33: NO | X33: SRC30 | Y33: 10.1016/j.jallcom.2008.07.087 | Z33: RECALCULATED_OK
A34: MG-MIX-004 | B34: Zr48Cu37Al7Ag8 | C34: Mixed BMG | D34: SECONDARY_NUMERIC_VERIFIED_PRIMARY_NOT_LOCKED | E34: 698 | F34: 765 | H34: 1125 | I34: 10 | J34: 67 | K34: 0.62044444 | M34: 0.41963796 | N34: 0.73955556 | O34: 0.15690867 | P34: 1.7915691 | Q34: 0.44377238 | R34: 0.68 | S34: 1.716433 | T34: 0.14664759 | U34: PASS | V34: NOT_REPORTED_NO_IMPUTATION | W34: NO | X34: SRC30 | Y34: 10.1016/j.jallcom.2008.07.087 | Z34: RECALCULATED_OK
A35: MG-MIX-005 | B35: Zr48Cu36Ag8Al8 | C35: Mixed BMG | D35: SECONDARY_NUMERIC_VERIFIED_PRIMARY_NOT_LOCKED | E35: 690 | F35: 791 | H35: 1143 | I35: 25 | J35: 101 | K35: 0.60367454 | M35: 0.43153301 | N35: 0.78040245 | O35: 0.22295806 | P35: 1.7461369 | Q35: 0.4586331 | R35: 0.6920385 | S35: 1.7500514 | T35: 0.11944937 | U35: PASS | V35: NOT_REPORTED_NO_IMPUTATION | W35: NO | X35: SRC30 | Y35: 10.1016/j.jallcom.2008.07.087 | Z35: RECALCULATED_OK
A36: MG-MIX-006 | B36: Zr48Cu34Pd2Ag8Al8 | C36: Mixed BMG | D36: SECONDARY_NUMERIC_VERIFIED_PRIMARY_NOT_LOCKED | E36: 699 | F36: 794 | H36: 1140 | I36: 30 | J36: 95 | K36: 0.61315789 | M36: 0.43175639 | N36: 0.77982456 | O36: 0.2154195 | P36: 1.8004535 | Q36: 0.46092107 | R36: 0.69649123 | S36: 1.7490663 | T36: 0.12015689 | U36: PASS | V36: NOT_REPORTED_NO_IMPUTATION | W36: NO | X36: SRC30 | Y36: 10.1016/j.jallcom.2008.07.087 | Z36: RECALCULATED_OK
A37: MG-MIX-007 | B37: Zr50Cu48Ag2 | C37: Mixed BMG | D37: SECONDARY_NUMERIC_VERIFIED_PRIMARY_NOT_LOCKED | E37: 668 | F37: 719 | H37: 1192 | I37: 2 | J37: 51 | K37: 0.56040268 | M37: 0.38655914 | N37: 0.64597315 | O37: 0.097328244 | P37: 1.3721374 | Q37: 0.3879178 | R37: 0.60318792 | S37: 1.63675 | T37: 0.21078858 | U37: PASS | V37: NOT_REPORTED_NO_IMPUTATION | W37: NO | X37: SRC30 | Y37: 10.1016/j.jallcom.2008.07.087 | Z37: RECALCULATED_OK
A38: MG-MIX-008 | B38: Zr50Cu45Ag5 | C38: Mixed BMG | D38: SECONDARY_NUMERIC_VERIFIED_PRIMARY_NOT_LOCKED | E38: 669 | F38: 728 | H38: 1188 | I38: 4 | J38: 59 | K38: 0.56313131 | M38: 0.39203016 | N38: 0.66245791 | O38: 0.11368015 | P38: 1.4026975 | Q38: 0.39792899 | R38: 0.61279461 | S38: 1.6513226 | T38: 0.19843908 | U38: PASS | V38: NOT_REPORTED_NO_IMPUTATION | W38: NO | X38: SRC30 | Y38: 10.1016/j.jallcom.2008.07.087 | Z38: RECALCULATED_OK
... A120: MG-LONG-067 | B120: [(Ni0.6Fe0.4)0.75B0.2Si0.05]96Nb4 | C120: Mixed BMG | D120: SECONDARY_NUMERIC_VERIFIED_PRIMARY_NOT_LOCKED | E120: 745 | F120: 795 | H120: 1348 | I120: 3 | J120: 50 | K120: 0.55267062 | M120: 0.37983755 | N120: 0.6268546 | O120: 0.08291874 | P120: 1.318408 | Q120: 0.37557852 | R120: 0.58976261 | S120: 1.6197847 | T120: 0.22521012 | U120: PASS | V120: NOT_REPORTED_NO_IMPUTATION | W120: NO | X120: SRC30 | Y120: 10.1016/j.jallcom.2008.07.087 | Z120: RECALCULATED_OK
A121: MG-NI-PR-001 | B121: Ni59Zr16Ti13Nb7Si3Sn2 | C121: Ni-based | D121: PRIMARY_NUMERIC_VERIFIED | E121: 832 | F121: 884 | H121: 1316 | I121: 5 | J121: 52 | K121: 0.63221884 | M121: 0.41154562 | N121: 0.7112462 | O121: 0.10743802 | P121: 1.8264463 | Q121: 0.42528325 | R121: 0.67173252 | S121: 1.6947188 | T121: 0.16650236 | U121: PASS | V121: NOT_REPORTED_NO_IMPUTATION | W121: YES | X121: SRC35 | Z121: RECALCULATED_OK
A122: MG-NI-PR-002 | B122: Ni59Zr15Ti13Nb7Si3Sn2Al1 | C122: Ni-based | D122: PRIMARY_NUMERIC_VERIFIED | E122: 842 | F122: 890 | H122: 1305 | I122: 7 | J122: 48 | K122: 0.64521073 | M122: 0.4145319 | N122: 0.71877395 | O122: 0.10367171 | P122: 1.9222462 | Q122: 0.42835067 | R122: 0.68199234 | S122: 1.7022179 | T122: 0.16171716 | U122: PASS | V122: NOT_REPORTED_NO_IMPUTATION | W122: YES | X122: SRC35 | Z122: RECALCULATED_OK
A123: MG-NI-PR-003 | B123: Ni58Zr16Ti13Nb7Si3Sn2W1 | C123: Ni-based | D123: PRIMARY_NUMERIC_VERIFIED | E123: 814 | F123: 886 | H123: 1315 | I123: 7 | J123: 72 | K123: 0.61901141 | M123: 0.41615782 | N123: 0.72851711 | O123: 0.14371257 | P123: 1.7684631 | Q123: 0.4376006 | R123: 0.67376426 | S123: 1.7074635 | T123: 0.15405764 | U123: PASS | V123: NOT_REPORTED_NO_IMPUTATION | W123: YES | X123: SRC35 | Z123: RECALCULATED_OK
A124: MG-LONG-068 | B124: Pd77Cu6Si17 | C124: Mixed BMG | D124: SECONDARY_NUMERIC_VERIFIED_PRIMARY_NOT_LOCKED | E124: 642.4 | F124: 686.4 | H124: 1128 | I124: 2 | J124: 44 | K124: 0.56950355 | M124: 0.38770899 | N124: 0.64751773 | O124: 0.090609555 | P124: 1.4135091 | Q124: 0.38814498 | R124: 0.60851064 | S124: 1.6379967 | T124: 0.21018573 | U124: PASS | V124: NOT_REPORTED_NO_IMPUTATION | W124: NO | X124: SRC30 | Y124: 10.1016/j.jallcom.2008.07.087 | Z124: RECALCULATED_OK
A125: MG-LONG-069 | B125: Pd79Cu6Si10P5 | C125: Mixed BMG | D125: SECONDARY_NUMERIC_VERIFIED_PRIMARY_NOT_LOCKED | E125: 609 | F125: 682 | H125: 995 | I125: 5 | J125: 73 | K125: 0.6120603 | M125: 0.42518703 | N125: 0.75879397 | O125: 0.18911917 | P125: 1.7668394 | Q125: 0.45190704 | R125: 0.68542714 | S125: 1.7319289 | T125: 0.13361026 | U125: PASS | V125: NOT_REPORTED_NO_IMPUTATION | W125: NO | X125: SRC30 | Y125: 10.1016/j.jallcom.2008.07.087 | Z125: RECALCULATED_OK
A126: MG-LONG-070 | B126: Pd79Cu5Ag1Si10P5 | C126: Mixed BMG | D126: SECONDARY_NUMERIC_VERIFIED_PRIMARY_NOT_LOCKED | E126: 614 | F126: 684 | H126: 1001 | I126: 4 | J126: 70 | K126: 0.61338661 | M126: 0.42352941 | N126: 0.75324675 | O126: 0.18087855 | P126: 1.7674419 | Q126: 0.44965066 | R126: 0.68331668 | S126: 1.7273931 | T126: 0.1372893 | U126: PASS | V126: NOT_REPORTED_NO_IMPUTATION | W126: NO | X126: SRC30 | Y126: 10.1016/j.jallcom.2008.07.087 | Z126: RECALCULATED_OK
A127: MG-LONG-071 | B127: Ti41.5Zr2.5Hf5Cu42.5Ni7.5Si1 | C127: Mixed BMG | D127: SECONDARY_NUMERIC_VERIFIED_PRIMARY_NOT_LOCKED | E127: 684.6 | F127: 719.9 | H127: 1206 | I127: 2 | J127: 35.3 | K127: 0.56766169 | M127: 0.38077859 | N127: 0.62620232 | O127: 0.06770234 | P127: 1.3807058 | Q127: 0.37149579 | R127: 0.59693201 | S127: 1.6192246 | T127: 0.22675088 | U127: PASS | V127: NOT_REPORTED_NO_IMPUTATION | W127: NO | X127: SRC30 | Y127: 10.1016/j.jallcom.2008.07.087 | Z127: RECALCULATED_OK
A128: MG-LONG-072 | B128: Ti41.5Zr2.5Hf5Cu37.5Ni7.5Si1Sn5 | C128: Mixed BMG | D128: SECONDARY_NUMERIC_VERIFIED_PRIMARY_NOT_LOCKED | E128: 693.3 | F128: 757.5 | H128: 1176 | I128: 6 | J128: 64.2 | K128: 0.58954082 | M128: 0.4052319 | N128: 0.69872449 | O128: 0.13300186 | P128: 1.5692977 | Q128: 0.41950743 | R128: 0.64413265 | S128: 1.6821414 | T128: 0.17347253 | U128: PASS | V128: NOT_REPORTED_NO_IMPUTATION | W128: NO | X128: SRC30 | Y128: 10.1016/j.jallcom.2008.07.087 | Z128: RECALCULATED_OK
A129: MG-LONG-073 | B129: Ti40Zr10Cu40Pd10 | C129: Mixed BMG | D129: SECONDARY_NUMERIC_VERIFIED_PRIMARY_NOT_LOCKED | E129: 660 | F129: 709 | H129: 1184 | I129: 4 | J129: 49 | K129: 0.55743243 | M129: 0.38449024 | N129: 0.6402027 | O129: 0.09351145 | P129: 1.3530534 | Q129: 0.38432222 | R129: 0.59881757 | S129: 1.6316749 | T129: 0.21505343 | U129: PASS | V129: NOT_REPORTED_NO_IMPUTATION | W129: NO | X129: SRC30 | Y129: 10.1016/j.jallcom.2008.07.087 | Z129: RECALCULATED_OK
A130: MG-LONG-074 | B130: Ti40Zr10Cu34Pd16 | C130: Mixed BMG | D130: SECONDARY_NUMERIC_VERIFIED_PRIMARY_NOT_LOCKED | E130: 672 | F130: 723 | H130: 1231 | I130: 4 | J130: 51 | K130: 0.54589764 | M130: 0.37992643 | N130: 0.62875711 | O130: 0.091234347 | P130: 1.293381 | Q130: 0.37755476 | R130: 0.58732738 | S130: 1.6217905 | T130: 0.2232073 | U130: PASS | V130: NOT_REPORTED_NO_IMPUTATION | W130: NO | X130: SRC30 | Y130: 10.1016/j.jallcom.2008.07.087 | Z130: RECALCULATED_OK
A131: MG-LONG-075 | B131: Ti40Zr10Cu32Pd18 | C131: Mixed BMG | D131: SECONDARY_NUMERIC_VERIFIED_PRIMARY_NOT_LOCKED | E131: 683 | F131: 740 | H131: 1272 | I131: 3 | J131: 57 | K131: 0.53694969 | M131: 0.37851662 | N131: 0.62657233 | O131: 0.096774194 | P131: 1.2563667 | Q131: 0.376445 | R131: 0.58176101 | S131: 1.620405 | T131: 0.22425175 | U131: PASS | V131: NOT_REPORTED_NO_IMPUTATION | W131: NO | X131: SRC30 | Y131: 10.1016/j.jallcom.2008.07.087 | Z131: RECALCULATED_OK
A132: MG-LONG-076 | B132: Ti40Zr10Cu30Pd20 | C132: Mixed BMG | D132: SECONDARY_NUMERIC_VERIFIED_PRIMARY_NOT_LOCKED | E132: 687 | F132: 747 | H132: 1279 | I132: 3 | J132: 60 | K132: 0.53713839 | M132: 0.37995931 | N132: 0.63096169 | O132: 0.10135135 | P132: 1.2618243 | Q132: 0.37903299 | R132: 0.58405004 | S132: 1.6244746 | T132: 0.22079774 | U132: PASS | V132: NOT_REPORTED_NO_IMPUTATION | W132: NO | X132: SRC30 | Y132: 10.1016/j.jallcom.2008.07.087 | Z132: RECALCULATED_OK
A133: MG-LONG-077 | B133: Ti53Cu15Ni18.5Al7Si3Sc3B0.5 | C133: Mixed BMG | D133: SECONDARY_NUMERIC_VERIFIED_PRIMARY_NOT_LOCKED | E133: 709 | F133: 767 | H133: 1240 | I133: 2 | J133: 58 | K133: 0.57177419 | M133: 0.39353515 | N133: 0.66532258 | O133: 0.10922787 | P133: 1.4444444 | Q133: 0.39971674 | R133: 0.61854839 | S133: 1.6535796 | T133: 0.19682811 | U133: PASS | V133: NOT_REPORTED_NO_IMPUTATION | W133: NO | X133: SRC30 | Y133: 10.1016/j.jallcom.2008.07.087 | Z133: RECALCULATED_OK
A134: MG-LONG-078 | B134: Ti53Cu15Ni18.5Al7Si3Hf3B0.5 | C134: Mixed BMG | D134: SECONDARY_NUMERIC_VERIFIED_PRIMARY_NOT_LOCKED | E134: 695 | F134: 749 | H134: 1230 | I134: 2 | J134: 54 | K134: 0.56504065 | M134: 0.38909091 | N134: 0.65284553 | O134: 0.10093458 | P134: 1.4 | Q134: 0.39211023 | R134: 0.60894309 | S134: 1.6427385 | T134: 0.20582595 | U134: PASS | V134: NOT_REPORTED_NO_IMPUTATION | W134: NO | X134: SRC30 | Y134: 10.1016/j.jallcom.2008.07.087 | Z134: RECALCULATED_OK
A135: MG-LONG-079 | B135: Ti40Zr10Cu38Pd12 | C135: Mixed BMG | D135: SECONDARY_NUMERIC_VERIFIED_PRIMARY_NOT_LOCKED | E135: 666 | F135: 715 | H135: 1189 | I135: 6 | J135: 49 | K135: 0.56013457 | M135: 0.38544474 | N135: 0.64255677 | O135: 0.093690249 | P135: 1.3671128 | Q135: 0.38568576 | R135: 0.60134567 | S135: 1.6337081 | T135: 0.21340923 | U135: PASS | V135: NOT_REPORTED_NO_IMPUTATION | W135: NO | X135: SRC30 | Y135: 10.1016/j.jallcom.2008.07.087 | Z135: RECALCULATED_OK
... A277: MG-JTAC18-126 | B277: Mg65Ni20La15 | C277: Mixed BMG | D277: SECONDARY_NUMERIC_VERIFIED_PRIMARY_NOT_LOCKED | E277: 451 | F277: 480 | H277: 812 | I277: 0.5 | J277: 29 | K277: 0.55541872 | M277: 0.38004751 | N277: 0.62684729 | O277: 0.08033241 | P277: 1.3296399 | Q277: 0.37514242 | R277: 0.591133 | S277: 1.6197203 | T277: 0.22541073 | U277: PASS | V277: NOT_REPORTED_NO_IMPUTATION | W277: NO | X277: SRC36 | Y277: 10.1007/s10973-018-7050-0 | Z277: RECALCULATED_OK

Sheet Phase3_Crosscheck
A1: MG_ID | B1: Composition | C1: Calc_DeltaTx | D1: Reported_DeltaTx | E1: AbsDiff_DeltaTx | F1: Calc_Trg | G1: Reported_Trg | H1: AbsDiff_Trg | I1: Calc_gamma | J1: Reported_gamma | K1: AbsDiff_gamma | L1: Crosscheck_Status | M1: Tolerance | N1: Comment

Sheet Phase3_Summary
A1: Metric | B1: N | C1: Status | D1: Rule | E1: Input | F1: Output | G1: Comment
A2: Rows processed | B2: 276 | C2: COMPLETE | D2: Independent recalculation | E2: Tg, Tx, Tm, Tl | F2: All Phase-3 descriptors | G2: No source-reported descriptor copied into calculated fields.
A3: Thermal tuples valid | B3: 276 | C3: COMPLETE | D3: Tg < Tx < Tl | E3: Tg/Tx/Tl | F3: Descriptors calculated
A4: Tm available | B4: 25 | C4: COUNTED | D4: No imputation | E4: Tm | F4: Trg_Tm where possible | G4: Missing Tm left blank.
A5: dc/Dmax available | B5: 252 | C5: COUNTED | D5: No imputation | E5: dc/Dmax | F5: Preserved target
A6: Source-descriptor crosschecks | B6: 0 | C6: COMPLETE | D6: Only rows with stored reported descriptors | E6: Reported vs recalculated | F6: Difference columns
A7: Crosschecks matching rounding tolerance | B7: 0 | C7: COMPLETE | D7: ΔTx≤0.51 K; ratios≤5e-4 | E7: Calculated/reported | F7: MATCH_ROUNDING
A8: Crosschecks requiring review | B8: 0 | C8: COMPLETE | D8: Outside tolerance | E8: Calculated/reported | F8: REVIEW_DIFFERENCE | G8: Retained; not silently corrected.
A9: Phase 3 verdict | B9: 276 | C9: PHASE3_COMPLETE | D9: Recalculate from primary temperature columns only | E9: Audited V1 | F9: Phase3_Recalculated | G9: Ready for Phase 4 statistical reproduction; evidence tiers must remain separated.

Sheet Phase4_Summary
A1: Metric | B1: Value | C1: Dataset | D1: Target | E1: Method | F1: Status | G1: Interpretation | H1: Rule
A2: Usable observations | B2: 252 | C2: dc + complete descriptors | D2: log10(dc_mm) | E2: Complete case | F2: COMPLETE | G2: Analytical N | H2: No imputation
A3: PLS components | B3: 6 | C3: Same | D3: log10(dc_mm) | E3: 10-fold CV max Q² | F3: COMPLETE | G3: Selected complexity | H3: 1–8 tested
A4: R² calibration | B4: 0.3188763 | C4: Same | D4: log10(dc_mm) | E4: PLS | F4: COMPLETE | G4: Fit
A5: Q² 10-fold CV | B5: 0.28502463 | C5: Same | D5: log10(dc_mm) | E5: CV | F5: COMPLETE | G5: Prediction
A6: RMSE calibration | B6: 0.34149445 | C6: Same | D6: log10(dc_mm) | E6: PLS | F6: COMPLETE | G6: log10(mm)
A7: MAE calibration | B7: 0.26887628 | C7: Same | D7: log10(dc_mm) | E7: PLS | F7: COMPLETE | G7: log10(mm)
A8: RMSECV | B8: 0.34987764 | C8: Same | D8: log10(dc_mm) | E8: CV | F8: COMPLETE | G8: log10(mm)
A9: MAECV | B9: 0.27647274 | C9: Same | D9: log10(dc_mm) | E9: CV | F9: COMPLETE | G9: log10(mm)
A10: LOFO Q² | B10: -5.0812748 | C10: Families | D10: log10(dc_mm) | E10: Leave-one-family-out | F10: COMPLETE | G10: Family transfer
A11: LOFO RMSE | B11: 1.0203942 | C11: Families | D11: log10(dc_mm) | E11: LOFO | F11: COMPLETE | G11: Family transfer
A12: Permutation p | B12: 0.0049751244 | C12: 200 permutations | D12: log10(dc_mm) | E12: CV-Q² permutation | F12: COMPLETE | G12: Chance test | H12: Seed 20260919
A13: AD threshold | B13: 5.8066539 | C13: Standardized descriptors | D13: — | E13: 95th percentile distance | F13: COMPLETE | G13: Applicability domain
A14: Phase 4 verdict | B14: REPRODUCTION_COMPLETE | C14: Audited V1 | D14: dc/Dmax | E14: Correlation→PCA→PLS→VIP | F14: COMPLETE | G14: Independent statistical reproduction | H14: Draft comparison left blank where exact draft numbers are unavailable.

Sheet Phase4_Correlations
A1: Descriptor | B1: Pearson_r_log10_dc | C1: Pearson_r_dc | D1: Rank
A2: gamma_m | B2: 0.5395025 | C2: 0.46178505 | D2: 1
A3: beta_I | B3: 0.53597797 | C3: 0.44889752 | D3: 2
A4: inverse_omega | B4: -0.5356672 | C4: -0.44702996 | D4: 3
A5: gamma | B5: 0.53100023 | C5: 0.44394677 | D5: 4
A6: omega_like | B6: 0.51484045 | C6: 0.44058997 | D6: 5
A7: DeltaTrg | B7: 0.50510468 | C7: 0.48000808 | D7: 6
A8: beta_TxTl | B8: 0.49472118 | C8: 0.40812615 | D8: 7
A9: delta | B9: 0.40690629 | C9: 0.33554066 | D9: 8
A10: DeltaTx_K | B10: 0.39949169 | C10: 0.34234032 | D10: 9
A11: Trg_Tl | B11: 0.32876122 | C11: 0.24537578 | D11: 10

Sheet Phase4_PCA
A1: PC | B1: Eigenvalue | C1: Explained | D1: Cumulative | F1: MG_ID | G1: PC1 | H1: PC2 | J1: Descriptor | K1: PC1_loading | L1: PC2_loading
A2: 1 | B2: 8.4842903 | C2: 0.84842903 | D2: 0.84842903 | F2: MG-ZNA-025 | G2: -0.3041685 | H2: -0.52507968 | J2: DeltaTx_K | K2: -0.27079352 | L2: -0.37800019
A3: 2 | B3: 1.1902654 | C3: 0.11902654 | D3: 0.96745558 | F3: MG-CZA-001 | G3: -3.1718325 | H3: -0.29924477 | J3: Trg_Tl | K3: -0.2593782 | L3: 0.59370762
A4: 3 | B4: 0.26700764 | C4: 0.026700764 | D4: 0.99415634 | F4: MG-CZA-002 | G4: -3.53098 | H4: -0.5787106 | J4: gamma | K4: -0.34211869 | L4: 0.0085511884
A5: 4 | B5: 0.033686484 | C5: 0.0033686484 | D5: 0.99752499 | F5: MG-CZA-003 | G5: -2.9202401 | H5: 0.082936909 | J5: gamma_m | K5: -0.34094832 | L5: -0.07520537
A6: 5 | B6: 0.020129484 | C6: 0.0020129484 | D6: 0.99953794 | F6: MG-CZA-004 | G6: -4.1591543 | H6: -0.18516262 | J6: DeltaTrg | K6: -0.2821163 | L6: -0.49953608
A7: 6 | B7: 0.0044609113 | C7: 0.00044609113 | D7: 0.99998403 | F7: MG-MIX-001 | G7: -2.2268168 | H7: 0.57387182 | J7: delta | K7: -0.30007137 | L7: 0.43196857
A8: 7 | B8: 0.0001228754 | C8: 1.228754e-05 | D8: 0.99999631 | F8: MG-MIX-002 | G8: -2.945887 | H8: 0.69708313 | J8: omega_like | K8: -0.3371739 | L8: -0.071804591
A9: 8 | B9: 2.8863336e-05 | C9: 2.8863336e-06 | D9: 0.9999992 | F9: MG-MIX-003 | G9: -3.9506526 | H9: 0.56391577 | J9: beta_TxTl | K9: -0.33460786 | L9: 0.20314911
A10: 9 | B10: 7.9898944e-06 | C10: 7.9898944e-07 | D10: 1 | F10: MG-MIX-004 | G10: -3.5170051 | H10: 0.61416306 | J10: beta_I | K10: -0.33968469 | L10: -0.087284995
A11: 10 | B11: 1.5992973e-28 | C11: 1.5992973e-29 | D11: 1 | F11: MG-MIX-005 | G11: -5.2326324 | H11: -1.0984431 | J11: inverse_omega | K11: 0.33975887 | L11: 0.093385647
F12: MG-MIX-006 | G12: -5.296128 | H12: -0.65203864
F13: MG-MIX-007 | G13: 1.2075418 | H13: -0.1118424
F14: MG-MIX-008 | G14: 0.41067583 | H14: -0.35572167
F15: MG-MIX-009 | G15: 0.0072991129 | H15: -0.14859355
F16: MG-MIX-010 | G16: -0.37017522 | H16: -0.55078431
F17: MG-MIX-011 | G17: -0.30086007 | H17: -0.90852897
F18: MG-MIX-012 | G18: 2.0153859 | H18: 0.43089904
F19: MG-MIX-013 | G19: -0.74308462 | H19: 0.2609996
F20: MG-MIX-014 | G20: -8.1979155 | H20: -1.4493425
F21: MG-MIX-015 | G21: -6.7303174 | H21: 0.065518265
F22: MG-MIX-016 | G22: 4.0311687 | H22: 0.42718194
F23: MG-MIX-017 | G23: 1.1014273 | H23: -0.29438827
... F253: MG-JTAC18-126 | G253: 2.3251377 | H253: 0.33064333

Sheet Phase4_PLS_VIP
A1: Components | B1: Q2_CV | C1: RMSECV | D1: MAECV | E1: Selected | G1: Descriptor | H1: VIP | I1: Std_Coefficient | J1: VIP_gt_1
A2: 1 | B2: 0.26601447 | C2: 0.3544985 | D2: 0.28541595 | E2: NO | G2: omega_like | H2: 1.1733964 | I2: -4.8638442 | J2: YES
A3: 2 | B3: 0.27580105 | C3: 0.35212722 | D3: 0.28246462 | E3: NO | G3: beta_I | H3: 1.0871274 | I3: -6.4280757 | J3: YES
A4: 3 | B4: 0.28058257 | C4: 0.35096284 | D4: 0.279403 | E4: NO | G4: DeltaTrg | H4: 1.0844578 | I4: 9.6645118 | J4: YES
A5: 4 | B5: 0.28149499 | C5: 0.35074021 | D5: 0.27916968 | E5: NO | G5: inverse_omega | H5: 1.031 | I5: 4.136119 | J5: YES
A6: 5 | B6: 0.28005663 | C6: 0.3510911 | D6: 0.2777165 | E6: NO | G6: gamma_m | H6: 1.010556 | I6: 1.9268276 | J6: YES
A7: 6 | B7: 0.28502463 | C7: 0.34987764 | D7: 0.27647274 | E7: YES | G7: gamma | H7: 0.99384032 | I7: 6.3254476 | J7: NO
A8: 7 | B8: 0.28382836 | C8: 0.35017022 | D8: 0.27379807 | E8: NO | G8: DeltaTx_K | H8: 0.96686588 | I8: -0.0022901898 | J8: NO
A9: 8 | B9: 0.28027921 | C9: 0.35103683 | D9: 0.27549405 | E9: NO | G9: beta_TxTl | H9: 0.94379596 | I9: 5.1713769 | J9: NO
G10: delta | H10: 0.85339327 | I10: -1.2112673 | J10: NO
G11: Trg_Tl | H11: 0.79967669 | I11: 9.6785332 | J11: NO

Sheet Phase4_Predictions
A1: MG_ID | B1: Composition | C1: Family | D1: dc_mm | E1: log10_dc | F1: Pred_Cal | G1: Pred_CV | H1: Residual_CV | I1: Pred_CV_dc_mm | J1: AD_Distance | K1: AD_Threshold | L1: Inside_AD | M1: Provenance
A2: MG-ZNA-025 | B2: Al15.0Ni25.0Zr60.0 | C2: Zr–Ni–Al | D2: 8 | E2: 0.90308999 | F2: 0.47687226 | G2: 0.47399623 | H2: 0.42909376 | I2: 2.9784906 | J2: 0.81354273 | K2: 5.8066539 | L2: YES | M2: PRIMARY_NUMERIC_VERIFIED
A3: MG-CZA-001 | B3: Cu47Zr45Al8 | C3: Cu–Zr–Al | D3: 15 | E3: 1.1760913 | F3: 0.73356308 | G3: 0.72641469 | H3: 0.44967657 | I3: 5.3261659 | J3: 3.2078807 | K3: 5.8066539 | L3: YES | M3: PRIMARY_NUMERIC_VERIFIED
A4: MG-CZA-002 | B4: (Cu47Zr45Al8)98.5Y1.5 | C4: Cu–Zr–Al | D4: 25 | E4: 1.39794 | F4: 0.7858961 | G4: 0.77537674 | H4: 0.62256327 | I4: 5.9617908 | J4: 3.6003464 | K4: 5.8066539 | L4: YES | M4: PRIMARY_NUMERIC_VERIFIED
A5: MG-CZA-003 | B5: (Cu47Zr45Al8)99Nb | C5: Cu–Zr–Al | D5: 12 | E5: 1.0791812 | F5: 0.69499621 | G5: 0.69106093 | H5: 0.38812032 | I5: 4.9097675 | J5: 2.9336293 | K5: 5.8066539 | L5: YES | M5: PRIMARY_NUMERIC_VERIFIED
A6: MG-CZA-004 | B6: (Cu47Zr45Al8)97.5Y1.5Nb | C6: Cu–Zr–Al | D6: 18 | E6: 1.2552725 | F6: 0.83405764 | G6: 0.82786908 | H6: 0.42740343 | I6: 6.7277381 | J6: 4.1738293 | K6: 5.8066539 | L6: YES | M6: PRIMARY_NUMERIC_VERIFIED
A7: MG-MIX-001 | B7: Zr48Cu43Al7Ag2 | C7: Mixed BMG | D7: 12 | E7: 1.0791812 | F7: 0.61962215 | G7: 0.62107694 | H7: 0.4581043 | I7: 4.179044 | J7: 2.3038014 | K7: 5.8066539 | L7: YES | M7: SECONDARY_NUMERIC_VERIFIED_PRIMARY_NOT_LOCKED
A8: MG-MIX-002 | B8: Zr48Cu42Al7Ag3 | C8: Mixed BMG | D8: 10 | E8: 1 | F8: 0.67508465 | G8: 0.67851942 | H8: 0.32148058 | I8: 4.7700114 | J8: 3.0309187 | K8: 5.8066539 | L8: YES | M8: SECONDARY_NUMERIC_VERIFIED_PRIMARY_NOT_LOCKED
A9: MG-MIX-003 | B9: Zr48Cu40Al7Ag5 | C9: Mixed BMG | D9: 10 | E9: 1 | F9: 0.77723442 | G9: 0.8068858 | H9: 0.1931142 | I9: 6.41041 | J9: 3.9952748 | K9: 5.8066539 | L9: YES | M9: SECONDARY_NUMERIC_VERIFIED_PRIMARY_NOT_LOCKED
A10: MG-MIX-004 | B10: Zr48Cu37Al7Ag8 | C10: Mixed BMG | D10: 10 | E10: 1 | F10: 0.73284673 | G10: 0.73289582 | H10: 0.26710418 | I10: 5.4062462 | J10: 3.5741905 | K10: 5.8066539 | L10: YES | M10: SECONDARY_NUMERIC_VERIFIED_PRIMARY_NOT_LOCKED
A11: MG-MIX-005 | B11: Zr48Cu36Ag8Al8 | C11: Mixed BMG | D11: 25 | E11: 1.39794 | F11: 1.0013632 | G11: 0.97630324 | H11: 0.42163677 | I11: 9.4689809 | J11: 5.371651 | K11: 5.8066539 | L11: YES | M11: SECONDARY_NUMERIC_VERIFIED_PRIMARY_NOT_LOCKED
A12: MG-MIX-006 | B12: Zr48Cu34Pd2Ag8Al8 | C12: Mixed BMG | D12: 30 | E12: 1.4771213 | F12: 0.9896969 | G12: 0.97525806 | H12: 0.5018632 | I12: 9.4462201 | J12: 5.3509707 | K12: 5.8066539 | L12: YES | M12: SECONDARY_NUMERIC_VERIFIED_PRIMARY_NOT_LOCKED
A13: MG-MIX-007 | B13: Zr50Cu48Ag2 | C13: Mixed BMG | D13: 2 | E13: 0.30103 | F13: 0.38299314 | G13: 0.3735059 | H13: -0.072475906 | I13: 2.3632295 | J13: 1.2513285 | K13: 5.8066539 | L13: YES | M13: SECONDARY_NUMERIC_VERIFIED_PRIMARY_NOT_LOCKED
... A253: MG-JTAC18-126 | B253: Mg65Ni20La15 | C253: Mixed BMG | D253: 0.5 | E253: -0.30103 | F253: 0.3640622 | G253: 0.36997424 | H253: -0.67100423 | I253: 2.3440898 | J253: 2.3741168 | K253: 5.8066539 | L253: YES | M253: SECONDARY_NUMERIC_VERIFIED_PRIMARY_NOT_LOCKED

Sheet Phase4_LOFO
A1: Family | B1: N_test | C1: R2_test | D1: RMSE_test | E1: MAE_test
A2: Cu–Zr–Al | B2: 4 | C2: -17.227587 | D2: 0.49817368 | E2: 0.49020396
A3: Mixed BMG | B3: 244 | C3: -5.4432472 | D3: 1.034225 | E3: 0.74633491
A4: Ni-based | B4: 3 | C4: -14.229165 | D4: 0.26882233 | E4: 0.25733394
A5: Zr–Ni–Al | B5: 1 | D5: 0.43170124 | E5: 0.43170124

Sheet Phase4_Permutation
A1: Permutation | B1: Q2_CV | D1: Statistic | E1: Value
A2: 1 | B2: -0.0011524471 | D2: Observed_Q2 | E2: 0.28502463
A3: 2 | B3: -0.042972525 | D3: Permutation_p | E3: 0.0049751244
A4: 3 | B4: -0.067617321 | D4: N | E4: 200
A5: 4 | B5: -0.014008744
A6: 5 | B6: -0.018709196
A7: 6 | B7: -0.011942999
A8: 7 | B8: -0.019276429
A9: 8 | B9: -0.046558124
A10: 9 | B10: -0.050766178
A11: 10 | B11: -0.027923962
A12: 11 | B12: -0.0342076
A13: 12 | B13: -0.034079566
A14: 13 | B14: -0.019453238
A15: 14 | B15: -0.021978699
A16: 15 | B16: -0.073890038
... A201: 200 | B201: -0.042266117

Sheet Phase4_Draft_Comparison
A1: Metric | B1: Reproduced_Value | C1: Draft_Value | D1: Difference | E1: Status | F1: Comment
A2: R2 | B2: 0.3188763 | E2: DRAFT_VALUE_NOT_IN_WORKBOOK | F2: No draft number invented.
A3: Q2_CV | B3: 0.28502463 | E3: DRAFT_VALUE_NOT_IN_WORKBOOK | F3: No draft number invented.
A4: RMSE_cal | B4: 0.34149445 | E4: DRAFT_VALUE_NOT_IN_WORKBOOK | F4: No draft number invented.
A5: MAE_cal | B5: 0.26887628 | E5: DRAFT_VALUE_NOT_IN_WORKBOOK | F5: No draft number invented.
A6: RMSECV | B6: 0.34987764 | E6: DRAFT_VALUE_NOT_IN_WORKBOOK | F6: No draft number invented.
A7: MAECV | B7: 0.27647274 | E7: DRAFT_VALUE_NOT_IN_WORKBOOK | F7: No draft number invented.
A8: LOFO_Q2 | B8: -5.0812748 | E8: DRAFT_VALUE_NOT_IN_WORKBOOK | F8: No draft number invented.
A9: Permutation_p | B9: 0.0049751244 | E9: DRAFT_VALUE_NOT_IN_WORKBOOK | F9: No draft number invented.

Sheet Phase5_Summary
A1: Validation | B1: Result | C1: 95%_Low | D1: Median | E1: 95%_High | F1: N | G1: Status | H1: Interpretation
A2: Repeated 10-fold Q2 | B2: 0.28225885 | C2: 0.25313023 | D2: 0.28622198 | E2: 0.29515872 | F2: 20 | G2: COMPLETE | H2: Random-split stability
